Domain Code,Domain,Area Code (M49),Area,Element Code,Element,Item Code,Item,Year Code,Year,Unit,Value,Flag,Flag Description,Note
RFN,Fertilizers by Nutrient,159,China,5510,Production,3102,Nutrient nitrogen N (total),1961,1961,t,228000,A,Official figure,
RFN,Fertilizers by Nutrient,159,China,5610,Import quantity,3102,Nutrient nitrogen N (total),1961,1961,t,324000,E,Estimated value,
RFN,Fertilizers by Nutrient,159,China,5910,Export quantity,3102,Nutrient nitrogen N (total),1961,1961,t,8000,X,Figure from external organization,
RFN,Fertilizers by Nutrient,159,China,5157,Agricultural Use,3102,Nutrient nitrogen N (total),1961,1961,t,544000,X,Figure from external organization,
RFN,Fertilizers by Nutrient,159,China,5159,Use per area of cropland,3102,Nutrient nitrogen N (total),1961,1961,kg/ha,5.17,E,Estimated value,
RFN,Fertilizers by Nutrient,159,China,5172,Use per capita,3102,Nutrient nitrogen N (total),1961,1961,kg/cap,0.81,E,Estimated value,
RFN,Fertilizers by Nutrient,159,China,5173,Use per value of agricultural production,3102,Nutrient nitrogen N (total),1961,1961,g/Int$,5.41,E,Estimated value,
RFN,Fertilizers by Nutrient,159,China,5510,Production,3102,Nutrient nitrogen N (total),1962,1962,t,410000,A,Official figure,
RFN,Fertilizers by Nutrient,159,China,5610,Import quantity,3102,Nutrient nitrogen N (total),1962,1962,t,404000,E,Estimated value,
RFN,Fertilizers by Nutrient,159,China,5910,Export quantity,3102,Nutrient nitrogen N (total),1962,1962,t,7000,X,Figure from external organization,
RFN,Fertilizers by Nutrient,159,China,5157,Agricultural Use,3102,Nutrient nitrogen N (total),1962,1962,t,810000,X,Figure from external organization,
RFN,Fertilizers by Nutrient,159,China,5159,Use per area of cropland,3102,Nutrient nitrogen N (total),1962,1962,kg/ha,7.71,E,Estimated value,
RFN,Fertilizers by Nutrient,159,China,5172,Use per capita,3102,Nutrient nitrogen N (total),1962,1962,kg/cap,1.19,E,Estimated value,
RFN,Fertilizers by Nutrient,159,China,5173,Use per value of agricultural production,3102,Nutrient nitrogen N (total),1962,1962,g/Int$,7.64,E,Estimated value,
RFN,Fertilizers by Nutrient,159,China,5510,Production,3102,Nutrient nitrogen N (total),1963,1963,t,554000,A,Official figure,
RFN,Fertilizers by Nutrient,159,China,5610,Import quantity,3102,Nutrient nitrogen N (total),1963,1963,t,447000,E,Estimated value,
RFN,Fertilizers by Nutrient,159,China,5910,Export quantity,3102,Nutrient nitrogen N (total),1963,1963,t,7000,X,Figure from external organization,
RFN,Fertilizers by Nutrient,159,China,5157,Agricultural Use,3102,Nutrient nitrogen N (total),1963,1963,t,974000,X,Figure from external organization,
RFN,Fertilizers by Nutrient,159,China,5159,Use per area of cropland,3102,Nutrient nitrogen N (total),1963,1963,kg/ha,9.29,E,Estimated value,
RFN,Fertilizers by Nutrient,159,China,5172,Use per capita,3102,Nutrient nitrogen N (total),1963,1963,kg/cap,1.39,E,Estimated value,
RFN,Fertilizers by Nutrient,159,China,5173,Use per value of agricultural production,3102,Nutrient nitrogen N (total),1963,1963,g/Int$,8.7,E,Estimated value,
RFN,Fertilizers by Nutrient,159,China,5510,Production,3102,Nutrient nitrogen N (total),1964,1964,t,817000,A,Official figure,
RFN,Fertilizers by Nutrient,159,China,5610,Import quantity,3102,Nutrient nitrogen N (total),1964,1964,t,472000,E,Estimated value,
RFN,Fertilizers by Nutrient,159,China,5910,Export quantity,3102,Nutrient nitrogen N (total),1964,1964,t,8000,X,Figure from external organization,
RFN,Fertilizers by Nutrient,159,China,5157,Agricultural Use,3102,Nutrient nitrogen N (total),1964,1964,t,1250000,X,Figure from external organization,
RFN,Fertilizers by Nutrient,159,China,5159,Use per area of cropland,3102,Nutrient nitrogen N (total),1964,1964,kg/ha,11.94,E,Estimated value,
RFN,Fertilizers by Nutrient,159,China,5172,Use per capita,3102,Nutrient nitrogen N (total),1964,1964,kg/cap,1.73,E,Estimated value,
RFN,Fertilizers by Nutrient,159,China,5173,Use per value of agricultural production,3102,Nutrient nitrogen N (total),1964,1964,g/Int$,10.43,E,Estimated value,
RFN,Fertilizers by Nutrient,159,China,5510,Production,3102,Nutrient nitrogen N (total),1965,1965,t,1184000,A,Official figure,
RFN,Fertilizers by Nutrient,159,China,5610,Import quantity,3102,Nutrient nitrogen N (total),1965,1965,t,688000,E,Estimated value,
RFN,Fertilizers by Nutrient,159,China,5910,Export quantity,3102,Nutrient nitrogen N (total),1965,1965,t,15000,X,Figure from external organization,
RFN,Fertilizers by Nutrient,159,China,5157,Agricultural Use,3102,Nutrient nitrogen N (total),1965,1965,t,1832000,X,Figure from external organization,
RFN,Fertilizers by Nutrient,159,China,5159,Use per area of cropland,3102,Nutrient nitrogen N (total),1965,1965,kg/ha,17.53,E,Estimated value,
RFN,Fertilizers by Nutrient,159,China,5172,Use per capita,3102,Nutrient nitrogen N (total),1965,1965,kg/cap,2.47,E,Estimated value,
RFN,Fertilizers by Nutrient,159,China,5173,Use per value of agricultural production,3102,Nutrient nitrogen N (total),1965,1965,g/Int$,13.98,E,Estimated value,
RFN,Fertilizers by Nutrient,159,China,5510,Production,3102,Nutrient nitrogen N (total),1966,1966,t,1619000,A,Official figure,
RFN,Fertilizers by Nutrient,159,China,5610,Import quantity,3102,Nutrient nitrogen N (total),1966,1966,t,1102000,E,Estimated value,
RFN,Fertilizers by Nutrient,159,China,5910,Export quantity,3102,Nutrient nitrogen N (total),1966,1966,t,24000,X,Figure from external organization,
RFN,Fertilizers by Nutrient,159,China,5157,Agricultural Use,3102,Nutrient nitrogen N (total),1966,1966,t,2671000,X,Figure from external organization,
RFN,Fertilizers by Nutrient,159,China,5159,Use per area of cropland,3102,Nutrient nitrogen N (total),1966,1966,kg/ha,25.66,E,Estimated value,
RFN,Fertilizers by Nutrient,159,China,5172,Use per capita,3102,Nutrient nitrogen N (total),1966,1966,kg/cap,3.51,E,Estimated value,
RFN,Fertilizers by Nutrient,159,China,5173,Use per value of agricultural production,3102,Nutrient nitrogen N (total),1966,1966,g/Int$,18.92,E,Estimated value,
RFN,Fertilizers by Nutrient,159,China,5510,Production,3102,Nutrient nitrogen N (total),1967,1967,t,1178000,A,Official figure,
RFN,Fertilizers by Nutrient,159,China,5610,Import quantity,3102,Nutrient nitrogen N (total),1967,1967,t,798000,E,Estimated value,
RFN,Fertilizers by Nutrient,159,China,5910,Export quantity,3102,Nutrient nitrogen N (total),1967,1967,t,24400,X,Figure from external organization,
RFN,Fertilizers by Nutrient,159,China,5157,Agricultural Use,3102,Nutrient nitrogen N (total),1967,1967,t,1958000,X,Figure from external organization,
RFN,Fertilizers by Nutrient,159,China,5159,Use per area of cropland,3102,Nutrient nitrogen N (total),1967,1967,kg/ha,18.88,E,Estimated value,
RFN,Fertilizers by Nutrient,159,China,5172,Use per capita,3102,Nutrient nitrogen N (total),1967,1967,kg/cap,2.51,E,Estimated value,
RFN,Fertilizers by Nutrient,159,China,5173,Use per value of agricultural production,3102,Nutrient nitrogen N (total),1967,1967,g/Int$,13.66,E,Estimated value,
RFN,Fertilizers by Nutrient,159,China,5510,Production,3102,Nutrient nitrogen N (total),1968,1968,t,876000,A,Official figure,
RFN,Fertilizers by Nutrient,159,China,5610,Import quantity,3102,Nutrient nitrogen N (total),1968,1968,t,1337000,E,Estimated value,
RFN,Fertilizers by Nutrient,159,China,5910,Export quantity,3102,Nutrient nitrogen N (total),1968,1968,t,50200,X,Figure from external organization,
RFN,Fertilizers by Nutrient,159,China,5157,Agricultural Use,3102,Nutrient nitrogen N (total),1968,1968,t,2146000,X,Figure from external organization,
RFN,Fertilizers by Nutrient,159,China,5159,Use per area of cropland,3102,Nutrient nitrogen N (total),1968,1968,kg/ha,20.77,E,Estimated value,
RFN,Fertilizers by Nutrient,159,China,5172,Use per capita,3102,Nutrient nitrogen N (total),1968,1968,kg/cap,2.69,E,Estimated value,
RFN,Fertilizers by Nutrient,159,China,5173,Use per value of agricultural production,3102,Nutrient nitrogen N (total),1968,1968,g/Int$,15.03,E,Estimated value,
RFN,Fertilizers by Nutrient,159,China,5510,Production,3102,Nutrient nitrogen N (total),1969,1969,t,1218000,A,Official figure,
RFN,Fertilizers by Nutrient,159,China,5610,Import quantity,3102,Nutrient nitrogen N (total),1969,1969,t,1461000,E,Estimated value,
RFN,Fertilizers by Nutrient,159,China,5910,Export quantity,3102,Nutrient nitrogen N (total),1969,1969,t,44200,X,Figure from external organization,
RFN,Fertilizers by Nutrient,159,China,5157,Agricultural Use,3102,Nutrient nitrogen N (total),1969,1969,t,2635000,A,Official figure,
RFN,Fertilizers by Nutrient,159,China,5159,Use per area of cropland,3102,Nutrient nitrogen N (total),1969,1969,kg/ha,25.6,E,Estimated value,
RFN,Fertilizers by Nutrient,159,China,5172,Use per capita,3102,Nutrient nitrogen N (total),1969,1969,kg/cap,3.21,E,Estimated value,
RFN,Fertilizers by Nutrient,159,China,5173,Use per value of agricultural production,3102,Nutrient nitrogen N (total),1969,1969,g/Int$,18.26,E,Estimated value,
RFN,Fertilizers by Nutrient,159,China,5510,Production,3102,Nutrient nitrogen N (total),1970,1970,t,1680000,A,Official figure,
RFN,Fertilizers by Nutrient,159,China,5610,Import quantity,3102,Nutrient nitrogen N (total),1970,1970,t,1707000,X,Figure from external organization,
RFN,Fertilizers by Nutrient,159,China,5910,Export quantity,3102,Nutrient nitrogen N (total),1970,1970,t,18200,X,Figure from external organization,
RFN,Fertilizers by Nutrient,159,China,5157,Agricultural Use,3102,Nutrient nitrogen N (total),1970,1970,t,3369000,X,Figure from external organization,
RFN,Fertilizers by Nutrient,159,China,5159,Use per area of cropland,3102,Nutrient nitrogen N (total),1970,1970,kg/ha,32.86,E,Estimated value,
RFN,Fertilizers by Nutrient,159,China,5172,Use per capita,3102,Nutrient nitrogen N (total),1970,1970,kg/cap,4,E,Estimated value,
RFN,Fertilizers by Nutrient,159,China,5173,Use per value of agricultural production,3102,Nutrient nitrogen N (total),1970,1970,g/Int$,22.01,E,Estimated value,
RFN,Fertilizers by Nutrient,159,China,5510,Production,3102,Nutrient nitrogen N (total),1971,1971,t,2082000,A,Official figure,
RFN,Fertilizers by Nutrient,159,China,5610,Import quantity,3102,Nutrient nitrogen N (total),1971,1971,t,1304000,X,Figure from external organization,
RFN,Fertilizers by Nutrient,159,China,5910,Export quantity,3102,Nutrient nitrogen N (total),1971,1971,t,16000,X,Figure from external organization,
RFN,Fertilizers by Nutrient,159,China,5157,Agricultural Use,3102,Nutrient nitrogen N (total),1971,1971,t,3370000,A,Official figure,
RFN,Fertilizers by Nutrient,159,China,5159,Use per area of cropland,3102,Nutrient nitrogen N (total),1971,1971,kg/ha,32.99,E,Estimated value,
RFN,Fertilizers by Nutrient,159,China,5172,Use per capita,3102,Nutrient nitrogen N (total),1971,1971,kg/cap,3.9,E,Estimated value,
RFN,Fertilizers by Nutrient,159,China,5173,Use per value of agricultural production,3102,Nutrient nitrogen N (total),1971,1971,g/Int$,21.22,E,Estimated value,
RFN,Fertilizers by Nutrient,159,China,5510,Production,3102,Nutrient nitrogen N (total),1972,1972,t,2645000,A,Official figure,
RFN,Fertilizers by Nutrient,159,China,5610,Import quantity,3102,Nutrient nitrogen N (total),1972,1972,t,1248000,X,Figure from external organization,
RFN,Fertilizers by Nutrient,159,China,5910,Export quantity,3102,Nutrient nitrogen N (total),1972,1972,t,34000,X,Figure from external organization,
RFN,Fertilizers by Nutrient,159,China,5157,Agricultural Use,3102,Nutrient nitrogen N (total),1972,1972,t,3859000,X,Figure from external organization,
RFN,Fertilizers by Nutrient,159,China,5159,Use per area of cropland,3102,Nutrient nitrogen N (total),1972,1972,kg/ha,37.91,E,Estimated value,
RFN,Fertilizers by Nutrient,159,China,5172,Use per capita,3102,Nutrient nitrogen N (total),1972,1972,kg/cap,4.37,E,Estimated value,
RFN,Fertilizers by Nutrient,159,China,5173,Use per value of agricultural production,3102,Nutrient nitrogen N (total),1972,1972,g/Int$,24.66,E,Estimated value,
RFN,Fertilizers by Nutrient,159,China,5510,Production,3102,Nutrient nitrogen N (total),1973,1973,t,3220000,A,Official figure,
RFN,Fertilizers by Nutrient,159,China,5610,Import quantity,3102,Nutrient nitrogen N (total),1973,1973,t,1250000,E,Estimated value,
RFN,Fertilizers by Nutrient,159,China,5910,Export quantity,3102,Nutrient nitrogen N (total),1973,1973,t,19000,X,Figure from external organization,
RFN,Fertilizers by Nutrient,159,China,5157,Agricultural Use,3102,Nutrient nitrogen N (total),1973,1973,t,4451000,X,Figure from external organization,
RFN,Fertilizers by Nutrient,159,China,5159,Use per area of cropland,3102,Nutrient nitrogen N (total),1973,1973,kg/ha,43.9,E,Estimated value,
RFN,Fertilizers by Nutrient,159,China,5172,Use per capita,3102,Nutrient nitrogen N (total),1973,1973,kg/cap,4.93,E,Estimated value,
RFN,Fertilizers by Nutrient,159,China,5173,Use per value of agricultural production,3102,Nutrient nitrogen N (total),1973,1973,g/Int$,25.52,E,Estimated value,
RFN,Fertilizers by Nutrient,159,China,5510,Production,3102,Nutrient nitrogen N (total),1974,1974,t,3017000,A,Official figure,
RFN,Fertilizers by Nutrient,159,China,5610,Import quantity,3102,Nutrient nitrogen N (total),1974,1974,t,920000,X,Figure from external organization,
RFN,Fertilizers by Nutrient,159,China,5910,Export quantity,3102,Nutrient nitrogen N (total),1974,1974,t,2700,X,Figure from external organization,
RFN,Fertilizers by Nutrient,159,China,5157,Agricultural Use,3102,Nutrient nitrogen N (total),1974,1974,t,3849000,X,Figure from external organization,
RFN,Fertilizers by Nutrient,159,China,5159,Use per area of cropland,3102,Nutrient nitrogen N (total),1974,1974,kg/ha,37.72,E,Estimated value,
RFN,Fertilizers by Nutrient,159,China,5172,Use per capita,3102,Nutrient nitrogen N (total),1974,1974,kg/cap,4.18,E,Estimated value,
RFN,Fertilizers by Nutrient,159,China,5173,Use per value of agricultural production,3102,Nutrient nitrogen N (total),1974,1974,g/Int$,22.11,E,Estimated value,
RFN,Fertilizers by Nutrient,159,China,5510,Production,3102,Nutrient nitrogen N (total),1975,1975,t,3964000,A,Official figure,
RFN,Fertilizers by Nutrient,159,China,5610,Import quantity,3102,Nutrient nitrogen N (total),1975,1975,t,1127126,X,Figure from external organization,
RFN,Fertilizers by Nutrient,159,China,5157,Agricultural Use,3102,Nutrient nitrogen N (total),1975,1975,t,5039000,X,Figure from external organization,
RFN,Fertilizers by Nutrient,159,China,5159,Use per area of cropland,3102,Nutrient nitrogen N (total),1975,1975,kg/ha,50.07,E,Estimated value,
RFN,Fertilizers by Nutrient,159,China,5172,Use per capita,3102,Nutrient nitrogen N (total),1975,1975,kg/cap,5.38,E,Estimated value,
RFN,Fertilizers by Nutrient,159,China,5173,Use per value of agricultural production,3102,Nutrient nitrogen N (total),1975,1975,g/Int$,28.35,E,Estimated value,
RFN,Fertilizers by Nutrient,159,China,5510,Production,3102,Nutrient nitrogen N (total),1976,1976,t,4042000,A,Official figure,
RFN,Fertilizers by Nutrient,159,China,5610,Import quantity,3102,Nutrient nitrogen N (total),1976,1976,t,727640,X,Figure from external organization,
RFN,Fertilizers by Nutrient,159,China,5910,Export quantity,3102,Nutrient nitrogen N (total),1976,1976,t,100,A,Official figure,
RFN,Fertilizers by Nutrient,159,China,5157,Agricultural Use,3102,Nutrient nitrogen N (total),1976,1976,t,4755000,X,Figure from external organization,
RFN,Fertilizers by Nutrient,159,China,5159,Use per area of cropland,3102,Nutrient nitrogen N (total),1976,1976,kg/ha,47.3,E,Estimated value,
RFN,Fertilizers by Nutrient,159,China,5172,Use per capita,3102,Nutrient nitrogen N (total),1976,1976,kg/cap,5,E,Estimated value,
RFN,Fertilizers by Nutrient,159,China,5173,Use per value of agricultural production,3102,Nutrient nitrogen N (total),1976,1976,g/Int$,27.04,E,Estimated value,
RFN,Fertilizers by Nutrient,159,China,5510,Production,3102,Nutrient nitrogen N (total),1977,1977,t,5751000,A,Official figure,
RFN,Fertilizers by Nutrient,159,China,5610,Import quantity,3102,Nutrient nitrogen N (total),1977,1977,t,1359200,X,Figure from external organization,
RFN,Fertilizers by Nutrient,159,China,5910,Export quantity,3102,Nutrient nitrogen N (total),1977,1977,t,12300,X,Figure from external organization,
RFN,Fertilizers by Nutrient,159,China,5157,Agricultural Use,3102,Nutrient nitrogen N (total),1977,1977,t,7073000,X,Figure from external organization,
RFN,Fertilizers by Nutrient,159,China,5159,Use per area of cropland,3102,Nutrient nitrogen N (total),1977,1977,kg/ha,70.43,E,Estimated value,
RFN,Fertilizers by Nutrient,159,China,5172,Use per capita,3102,Nutrient nitrogen N (total),1977,1977,kg/cap,7.33,E,Estimated value,
RFN,Fertilizers by Nutrient,159,China,5173,Use per value of agricultural production,3102,Nutrient nitrogen N (total),1977,1977,g/Int$,39.27,E,Estimated value,
RFN,Fertilizers by Nutrient,159,China,5510,Production,3102,Nutrient nitrogen N (total),1978,1978,t,7903100,A,Official figure,
RFN,Fertilizers by Nutrient,159,China,5610,Import quantity,3102,Nutrient nitrogen N (total),1978,1978,t,1424182,A,Official figure,
RFN,Fertilizers by Nutrient,159,China,5910,Export quantity,3102,Nutrient nitrogen N (total),1978,1978,t,9637,A,Official figure,
RFN,Fertilizers by Nutrient,159,China,5157,Agricultural Use,3102,Nutrient nitrogen N (total),1978,1978,t,9280000,A,Official figure,
RFN,Fertilizers by Nutrient,159,China,5159,Use per area of cropland,3102,Nutrient nitrogen N (total),1978,1978,kg/ha,92.51,E,Estimated value,
RFN,Fertilizers by Nutrient,159,China,5172,Use per capita,3102,Nutrient nitrogen N (total),1978,1978,kg/cap,9.48,E,Estimated value,
RFN,Fertilizers by Nutrient,159,China,5173,Use per value of agricultural production,3102,Nutrient nitrogen N (total),1978,1978,g/Int$,47.05,E,Estimated value,
RFN,Fertilizers by Nutrient,159,China,5510,Production,3102,Nutrient nitrogen N (total),1979,1979,t,9095900,A,Official figure,
RFN,Fertilizers by Nutrient,159,China,5610,Import quantity,3102,Nutrient nitrogen N (total),1979,1979,t,1562522,A,Official figure,
RFN,Fertilizers by Nutrient,159,China,5910,Export quantity,3102,Nutrient nitrogen N (total),1979,1979,t,11129,A,Official figure,
RFN,Fertilizers by Nutrient,159,China,5157,Agricultural Use,3102,Nutrient nitrogen N (total),1979,1979,t,10641000,A,Official figure,
RFN,Fertilizers by Nutrient,159,China,5159,Use per area of cropland,3102,Nutrient nitrogen N (total),1979,1979,kg/ha,106.12,E,Estimated value,
RFN,Fertilizers by Nutrient,159,China,5172,Use per capita,3102,Nutrient nitrogen N (total),1979,1979,kg/cap,10.73,E,Estimated value,
RFN,Fertilizers by Nutrient,159,China,5173,Use per value of agricultural production,3102,Nutrient nitrogen N (total),1979,1979,g/Int$,51.87,E,Estimated value,
RFN,Fertilizers by Nutrient,159,China,5510,Production,3102,Nutrient nitrogen N (total),1980,1980,t,10286000,A,Official figure,
RFN,Fertilizers by Nutrient,159,China,5610,Import quantity,3102,Nutrient nitrogen N (total),1980,1980,t,1853129,A,Official figure,
RFN,Fertilizers by Nutrient,159,China,5157,Agricultural Use,3102,Nutrient nitrogen N (total),1980,1980,t,12112100,A,Official figure,
RFN,Fertilizers by Nutrient,159,China,5159,Use per area of cropland,3102,Nutrient nitrogen N (total),1980,1980,kg/ha,120.86,E,Estimated value,
RFN,Fertilizers by Nutrient,159,China,5172,Use per capita,3102,Nutrient nitrogen N (total),1980,1980,kg/cap,12.03,E,Estimated value,
RFN,Fertilizers by Nutrient,159,China,5173,Use per value of agricultural production,3102,Nutrient nitrogen N (total),1980,1980,g/Int$,58.5,E,Estimated value,
RFN,Fertilizers by Nutrient,159,China,5510,Production,3102,Nutrient nitrogen N (total),1981,1981,t,10154000,A,Official figure,
RFN,Fertilizers by Nutrient,159,China,5610,Import quantity,3102,Nutrient nitrogen N (total),1981,1981,t,1430600,X,Figure from external organization,
RFN,Fertilizers by Nutrient,159,China,5157,Agricultural Use,3102,Nutrient nitrogen N (total),1981,1981,t,11528300,X,Figure from external organization,
RFN,Fertilizers by Nutrient,159,China,5159,Use per area of cropland,3102,Nutrient nitrogen N (total),1981,1981,kg/ha,114.25,E,Estimated value,
RFN,Fertilizers by Nutrient,159,China,5172,Use per capita,3102,Nutrient nitrogen N (total),1981,1981,kg/cap,11.29,E,Estimated value,
RFN,Fertilizers by Nutrient,159,China,5173,Use per value of agricultural production,3102,Nutrient nitrogen N (total),1981,1981,g/Int$,53.38,E,Estimated value,
RFN,Fertilizers by Nutrient,159,China,5510,Production,3102,Nutrient nitrogen N (total),1982,1982,t,10458000,A,Official figure,
RFN,Fertilizers by Nutrient,159,China,5610,Import quantity,3102,Nutrient nitrogen N (total),1982,1982,t,1827500,X,Figure from external organization,
RFN,Fertilizers by Nutrient,159,China,5910,Export quantity,3102,Nutrient nitrogen N (total),1982,1982,t,2500,X,Figure from external organization,
RFN,Fertilizers by Nutrient,159,China,5157,Agricultural Use,3102,Nutrient nitrogen N (total),1982,1982,t,12274900,X,Figure from external organization,
RFN,Fertilizers by Nutrient,159,China,5159,Use per area of cropland,3102,Nutrient nitrogen N (total),1982,1982,kg/ha,115.91,E,Estimated value,
RFN,Fertilizers by Nutrient,159,China,5172,Use per capita,3102,Nutrient nitrogen N (total),1982,1982,kg/cap,11.83,E,Estimated value,
RFN,Fertilizers by Nutrient,159,China,5173,Use per value of agricultural production,3102,Nutrient nitrogen N (total),1982,1982,g/Int$,52.2,E,Estimated value,
RFN,Fertilizers by Nutrient,159,China,5510,Production,3102,Nutrient nitrogen N (total),1983,1983,t,11322500,A,Official figure,
RFN,Fertilizers by Nutrient,159,China,5610,Import quantity,3102,Nutrient nitrogen N (total),1983,1983,t,2395000,X,Figure from external organization,
RFN,Fertilizers by Nutrient,159,China,5910,Export quantity,3102,Nutrient nitrogen N (total),1983,1983,t,900,X,Figure from external organization,
RFN,Fertilizers by Nutrient,159,China,5157,Agricultural Use,3102,Nutrient nitrogen N (total),1983,1983,t,13722000,X,Figure from external organization,
RFN,Fertilizers by Nutrient,159,China,5159,Use per area of cropland,3102,Nutrient nitrogen N (total),1983,1983,kg/ha,122.84,E,Estimated value,
RFN,Fertilizers by Nutrient,159,China,5172,Use per capita,3102,Nutrient nitrogen N (total),1983,1983,kg/cap,13.02,E,Estimated value,
RFN,Fertilizers by Nutrient,159,China,5173,Use per value of agricultural production,3102,Nutrient nitrogen N (total),1983,1983,g/Int$,54.52,E,Estimated value,
RFN,Fertilizers by Nutrient,159,China,5510,Production,3102,Nutrient nitrogen N (total),1984,1984,t,12452000,A,Official figure,
RFN,Fertilizers by Nutrient,159,China,5610,Import quantity,3102,Nutrient nitrogen N (total),1984,1984,t,2792000,X,Figure from external organization,
RFN,Fertilizers by Nutrient,159,China,5910,Export quantity,3102,Nutrient nitrogen N (total),1984,1984,t,6700,X,Figure from external organization,
RFN,Fertilizers by Nutrient,159,China,5157,Agricultural Use,3102,Nutrient nitrogen N (total),1984,1984,t,15179500,X,Figure from external organization,
RFN,Fertilizers by Nutrient,159,China,5159,Use per area of cropland,3102,Nutrient nitrogen N (total),1984,1984,kg/ha,127.88,E,Estimated value,
RFN,Fertilizers by Nutrient,159,China,5172,Use per capita,3102,Nutrient nitrogen N (total),1984,1984,kg/cap,14.2,E,Estimated value,
RFN,Fertilizers by Nutrient,159,China,5173,Use per value of agricultural production,3102,Nutrient nitrogen N (total),1984,1984,g/Int$,55.73,E,Estimated value,
RFN,Fertilizers by Nutrient,159,China,5510,Production,3102,Nutrient nitrogen N (total),1985,1985,t,11666700,A,Official figure,
RFN,Fertilizers by Nutrient,159,China,5610,Import quantity,3102,Nutrient nitrogen N (total),1985,1985,t,2231400,X,Figure from external organization,
RFN,Fertilizers by Nutrient,159,China,5910,Export quantity,3102,Nutrient nitrogen N (total),1985,1985,t,500,X,Figure from external organization,
RFN,Fertilizers by Nutrient,159,China,5157,Agricultural Use,3102,Nutrient nitrogen N (total),1985,1985,t,13838300,X,Figure from external organization,
RFN,Fertilizers by Nutrient,159,China,5159,Use per area of cropland,3102,Nutrient nitrogen N (total),1985,1985,kg/ha,109.92,E,Estimated value,
RFN,Fertilizers by Nutrient,159,China,5172,Use per capita,3102,Nutrient nitrogen N (total),1985,1985,kg/cap,12.75,E,Estimated value,
RFN,Fertilizers by Nutrient,159,China,5173,Use per value of agricultural production,3102,Nutrient nitrogen N (total),1985,1985,g/Int$,50.97,E,Estimated value,
RFN,Fertilizers by Nutrient,159,China,5510,Production,3102,Nutrient nitrogen N (total),1986,1986,t,11858500,A,Official figure,
RFN,Fertilizers by Nutrient,159,China,5610,Import quantity,3102,Nutrient nitrogen N (total),1986,1986,t,1761000,X,Figure from external organization,
RFN,Fertilizers by Nutrient,159,China,5910,Export quantity,3102,Nutrient nitrogen N (total),1986,1986,t,800,X,Figure from external organization,
RFN,Fertilizers by Nutrient,159,China,5157,Agricultural Use,3102,Nutrient nitrogen N (total),1986,1986,t,13576100,X,Figure from external organization,
RFN,Fertilizers by Nutrient,159,China,5159,Use per area of cropland,3102,Nutrient nitrogen N (total),1986,1986,kg/ha,106.57,E,Estimated value,
RFN,Fertilizers by Nutrient,159,China,5172,Use per capita,3102,Nutrient nitrogen N (total),1986,1986,kg/cap,12.31,E,Estimated value,
RFN,Fertilizers by Nutrient,159,China,5173,Use per value of agricultural production,3102,Nutrient nitrogen N (total),1986,1986,g/Int$,48.69,E,Estimated value,
RFN,Fertilizers by Nutrient,159,China,5510,Production,3102,Nutrient nitrogen N (total),1987,1987,t,13684900,A,Official figure,
RFN,Fertilizers by Nutrient,159,China,5610,Import quantity,3102,Nutrient nitrogen N (total),1987,1987,t,3220791,A,Official figure,
RFN,Fertilizers by Nutrient,159,China,5910,Export quantity,3102,Nutrient nitrogen N (total),1987,1987,t,8501,A,Official figure,
RFN,Fertilizers by Nutrient,159,China,5157,Agricultural Use,3102,Nutrient nitrogen N (total),1987,1987,t,16803900,X,Figure from external organization,
RFN,Fertilizers by Nutrient,159,China,5159,Use per area of cropland,3102,Nutrient nitrogen N (total),1987,1987,kg/ha,131.18,E,Estimated value,
RFN,Fertilizers by Nutrient,159,China,5172,Use per capita,3102,Nutrient nitrogen N (total),1987,1987,kg/cap,14.98,E,Estimated value,
RFN,Fertilizers by Nutrient,159,China,5173,Use per value of agricultural production,3102,Nutrient nitrogen N (total),1987,1987,g/Int$,56.77,E,Estimated value,
RFN,Fertilizers by Nutrient,159,China,5510,Production,3102,Nutrient nitrogen N (total),1988,1988,t,13953700,A,Official figure,
RFN,Fertilizers by Nutrient,159,China,5610,Import quantity,3102,Nutrient nitrogen N (total),1988,1988,t,4586100,A,Official figure,
RFN,Fertilizers by Nutrient,159,China,5910,Export quantity,3102,Nutrient nitrogen N (total),1988,1988,t,15500,A,Official figure,
RFN,Fertilizers by Nutrient,159,China,5157,Agricultural Use,3102,Nutrient nitrogen N (total),1988,1988,t,18514000,A,Official figure,
RFN,Fertilizers by Nutrient,159,China,5159,Use per area of cropland,3102,Nutrient nitrogen N (total),1988,1988,kg/ha,143.4,E,Estimated value,
RFN,Fertilizers by Nutrient,159,China,5172,Use per capita,3102,Nutrient nitrogen N (total),1988,1988,kg/cap,16.22,E,Estimated value,
RFN,Fertilizers by Nutrient,159,China,5173,Use per value of agricultural production,3102,Nutrient nitrogen N (total),1988,1988,g/Int$,61,E,Estimated value,
RFN,Fertilizers by Nutrient,159,China,5510,Production,3102,Nutrient nitrogen N (total),1989,1989,t,14519300,A,Official figure,
RFN,Fertilizers by Nutrient,159,China,5610,Import quantity,3102,Nutrient nitrogen N (total),1989,1989,t,4370700,X,Figure from external organization,
RFN,Fertilizers by Nutrient,159,China,5910,Export quantity,3102,Nutrient nitrogen N (total),1989,1989,t,5300,X,Figure from external organization,
RFN,Fertilizers by Nutrient,159,China,5157,Agricultural Use,3102,Nutrient nitrogen N (total),1989,1989,t,18855296,X,Figure from external organization,
RFN,Fertilizers by Nutrient,159,China,5159,Use per area of cropland,3102,Nutrient nitrogen N (total),1989,1989,kg/ha,144.37,E,Estimated value,
RFN,Fertilizers by Nutrient,159,China,5172,Use per capita,3102,Nutrient nitrogen N (total),1989,1989,kg/cap,16.25,E,Estimated value,
RFN,Fertilizers by Nutrient,159,China,5173,Use per value of agricultural production,3102,Nutrient nitrogen N (total),1989,1989,g/Int$,60.28,E,Estimated value,
RFN,Fertilizers by Nutrient,159,China,5510,Production,3102,Nutrient nitrogen N (total),1990,1990,t,14915500,A,Official figure,
RFN,Fertilizers by Nutrient,159,China,5610,Import quantity,3102,Nutrient nitrogen N (total),1990,1990,t,4647600,E,Estimated value,
RFN,Fertilizers by Nutrient,159,China,5910,Export quantity,3102,Nutrient nitrogen N (total),1990,1990,t,6500,E,Estimated value,
RFN,Fertilizers by Nutrient,159,China,5157,Agricultural Use,3102,Nutrient nitrogen N (total),1990,1990,t,19557800,X,Figure from external organization,
RFN,Fertilizers by Nutrient,159,China,5159,Use per area of cropland,3102,Nutrient nitrogen N (total),1990,1990,kg/ha,147.94,E,Estimated value,
RFN,Fertilizers by Nutrient,159,China,5172,Use per capita,3102,Nutrient nitrogen N (total),1990,1990,kg/cap,16.57,E,Estimated value,
RFN,Fertilizers by Nutrient,159,China,5173,Use per value of agricultural production,3102,Nutrient nitrogen N (total),1990,1990,g/Int$,58.27,E,Estimated value,
RFN,Fertilizers by Nutrient,159,China,5510,Production,3102,Nutrient nitrogen N (total),1991,1991,t,15300700,X,Figure from external organization,
RFN,Fertilizers by Nutrient,159,China,5610,Import quantity,3102,Nutrient nitrogen N (total),1991,1991,t,4669100,E,Estimated value,
RFN,Fertilizers by Nutrient,159,China,5910,Export quantity,3102,Nutrient nitrogen N (total),1991,1991,t,2500,E,Estimated value,
RFN,Fertilizers by Nutrient,159,China,5157,Agricultural Use,3102,Nutrient nitrogen N (total),1991,1991,t,19970500,X,Figure from external organization,
RFN,Fertilizers by Nutrient,159,China,5159,Use per area of cropland,3102,Nutrient nitrogen N (total),1991,1991,kg/ha,149.85,E,Estimated value,
RFN,Fertilizers by Nutrient,159,China,5172,Use per capita,3102,Nutrient nitrogen N (total),1991,1991,kg/cap,16.68,E,Estimated value,
RFN,Fertilizers by Nutrient,159,China,5173,Use per value of agricultural production,3102,Nutrient nitrogen N (total),1991,1991,g/Int$,56.53,E,Estimated value,
RFN,Fertilizers by Nutrient,159,China,5510,Production,3102,Nutrient nitrogen N (total),1992,1992,t,15962619,X,Figure from external organization,
RFN,Fertilizers by Nutrient,159,China,5610,Import quantity,3102,Nutrient nitrogen N (total),1992,1992,t,4385000,E,Estimated value,
RFN,Fertilizers by Nutrient,159,China,5910,Export quantity,3102,Nutrient nitrogen N (total),1992,1992,t,4849,E,Estimated value,
RFN,Fertilizers by Nutrient,159,China,5157,Agricultural Use,3102,Nutrient nitrogen N (total),1992,1992,t,20329000,X,Figure from external organization,
RFN,Fertilizers by Nutrient,159,China,5159,Use per area of cropland,3102,Nutrient nitrogen N (total),1992,1992,kg/ha,154.5,E,Estimated value,
RFN,Fertilizers by Nutrient,159,China,5172,Use per capita,3102,Nutrient nitrogen N (total),1992,1992,kg/cap,16.78,E,Estimated value,
RFN,Fertilizers by Nutrient,159,China,5173,Use per value of agricultural production,3102,Nutrient nitrogen N (total),1992,1992,g/Int$,54.84,E,Estimated value,
RFN,Fertilizers by Nutrient,159,China,5510,Production,3102,Nutrient nitrogen N (total),1993,1993,t,15581034,X,Figure from external organization,
RFN,Fertilizers by Nutrient,159,China,5610,Import quantity,3102,Nutrient nitrogen N (total),1993,1993,t,2445097.87,E,Estimated value,
RFN,Fertilizers by Nutrient,159,China,5910,Export quantity,3102,Nutrient nitrogen N (total),1993,1993,t,27773.91,E,Estimated value,
RFN,Fertilizers by Nutrient,159,China,5157,Agricultural Use,3102,Nutrient nitrogen N (total),1993,1993,t,18003300,X,Figure from external organization,
RFN,Fertilizers by Nutrient,159,China,5159,Use per area of cropland,3102,Nutrient nitrogen N (total),1993,1993,kg/ha,137.55,E,Estimated value,
RFN,Fertilizers by Nutrient,159,China,5172,Use per capita,3102,Nutrient nitrogen N (total),1993,1993,kg/cap,14.7,E,Estimated value,
RFN,Fertilizers by Nutrient,159,China,5173,Use per value of agricultural production,3102,Nutrient nitrogen N (total),1993,1993,g/Int$,44.95,E,Estimated value,
RFN,Fertilizers by Nutrient,159,China,5510,Production,3102,Nutrient nitrogen N (total),1994,1994,t,16342016,X,Figure from external organization,
RFN,Fertilizers by Nutrient,159,China,5610,Import quantity,3102,Nutrient nitrogen N (total),1994,1994,t,2878844.23,E,Estimated value,
RFN,Fertilizers by Nutrient,159,China,5910,Export quantity,3102,Nutrient nitrogen N (total),1994,1994,t,52076.38,E,Estimated value,
RFN,Fertilizers by Nutrient,159,China,5157,Agricultural Use,3102,Nutrient nitrogen N (total),1994,1994,t,19160000,X,Figure from external organization,
RFN,Fertilizers by Nutrient,159,China,5159,Use per area of cropland,3102,Nutrient nitrogen N (total),1994,1994,kg/ha,146.39,E,Estimated value,
RFN,Fertilizers by Nutrient,159,China,5172,Use per capita,3102,Nutrient nitrogen N (total),1994,1994,kg/cap,15.49,E,Estimated value,
RFN,Fertilizers by Nutrient,159,China,5173,Use per value of agricultural production,3102,Nutrient nitrogen N (total),1994,1994,g/Int$,45.5,E,Estimated value,
RFN,Fertilizers by Nutrient,159,China,5510,Production,3102,Nutrient nitrogen N (total),1995,1995,t,19035070,X,Figure from external organization,
RFN,Fertilizers by Nutrient,159,China,5610,Import quantity,3102,Nutrient nitrogen N (total),1995,1995,t,4908567.74,E,Estimated value,
RFN,Fertilizers by Nutrient,159,China,5910,Export quantity,3102,Nutrient nitrogen N (total),1995,1995,t,137184.79,E,Estimated value,
RFN,Fertilizers by Nutrient,159,China,5157,Agricultural Use,3102,Nutrient nitrogen N (total),1995,1995,t,23781500,X,Figure from external organization,
RFN,Fertilizers by Nutrient,159,China,5159,Use per area of cropland,3102,Nutrient nitrogen N (total),1995,1995,kg/ha,181.7,E,Estimated value,
RFN,Fertilizers by Nutrient,159,China,5172,Use per capita,3102,Nutrient nitrogen N (total),1995,1995,kg/cap,19.05,E,Estimated value,
RFN,Fertilizers by Nutrient,159,China,5173,Use per value of agricultural production,3102,Nutrient nitrogen N (total),1995,1995,g/Int$,51.65,E,Estimated value,
RFN,Fertilizers by Nutrient,159,China,5510,Production,3102,Nutrient nitrogen N (total),1996,1996,t,21042778,X,Figure from external organization,
RFN,Fertilizers by Nutrient,159,China,5610,Import quantity,3102,Nutrient nitrogen N (total),1996,1996,t,4425916.36,E,Estimated value,
RFN,Fertilizers by Nutrient,159,China,5910,Export quantity,3102,Nutrient nitrogen N (total),1996,1996,t,185543.05,E,Estimated value,
RFN,Fertilizers by Nutrient,159,China,5157,Agricultural Use,3102,Nutrient nitrogen N (total),1996,1996,t,25275000,X,Figure from external organization,
RFN,Fertilizers by Nutrient,159,China,5159,Use per area of cropland,3102,Nutrient nitrogen N (total),1996,1996,kg/ha,193.06,E,Estimated value,
RFN,Fertilizers by Nutrient,159,China,5172,Use per capita,3102,Nutrient nitrogen N (total),1996,1996,kg/cap,20.07,E,Estimated value,
RFN,Fertilizers by Nutrient,159,China,5173,Use per value of agricultural production,3102,Nutrient nitrogen N (total),1996,1996,g/Int$,52.45,E,Estimated value,
RFN,Fertilizers by Nutrient,159,China,5510,Production,3102,Nutrient nitrogen N (total),1997,1997,t,20232134,X,Figure from external organization,
RFN,Fertilizers by Nutrient,159,China,5610,Import quantity,3102,Nutrient nitrogen N (total),1997,1997,t,2965452.98,E,Estimated value,
RFN,Fertilizers by Nutrient,159,China,5910,Export quantity,3102,Nutrient nitrogen N (total),1997,1997,t,215269.16,E,Estimated value,
RFN,Fertilizers by Nutrient,159,China,5157,Agricultural Use,3102,Nutrient nitrogen N (total),1997,1997,t,22949700,X,Figure from external organization,
RFN,Fertilizers by Nutrient,159,China,5159,Use per area of cropland,3102,Nutrient nitrogen N (total),1997,1997,kg/ha,175.31,E,Estimated value,
RFN,Fertilizers by Nutrient,159,China,5172,Use per capita,3102,Nutrient nitrogen N (total),1997,1997,kg/cap,18.07,E,Estimated value,
RFN,Fertilizers by Nutrient,159,China,5173,Use per value of agricultural production,3102,Nutrient nitrogen N (total),1997,1997,g/Int$,45.62,E,Estimated value,
RFN,Fertilizers by Nutrient,159,China,5510,Production,3102,Nutrient nitrogen N (total),1998,1998,t,21530000,X,Figure from external organization,
RFN,Fertilizers by Nutrient,159,China,5610,Import quantity,3102,Nutrient nitrogen N (total),1998,1998,t,1501511.04,E,Estimated value,
RFN,Fertilizers by Nutrient,159,China,5910,Export quantity,3102,Nutrient nitrogen N (total),1998,1998,t,129065.96,E,Estimated value,
RFN,Fertilizers by Nutrient,159,China,5157,Agricultural Use,3102,Nutrient nitrogen N (total),1998,1998,t,22887000,X,Figure from external organization,
RFN,Fertilizers by Nutrient,159,China,5159,Use per area of cropland,3102,Nutrient nitrogen N (total),1998,1998,kg/ha,174.84,E,Estimated value,
RFN,Fertilizers by Nutrient,159,China,5172,Use per capita,3102,Nutrient nitrogen N (total),1998,1998,kg/cap,17.88,E,Estimated value,
RFN,Fertilizers by Nutrient,159,China,5173,Use per value of agricultural production,3102,Nutrient nitrogen N (total),1998,1998,g/Int$,43.51,E,Estimated value,
RFN,Fertilizers by Nutrient,159,China,5510,Production,3102,Nutrient nitrogen N (total),1999,1999,t,22833057,X,Figure from external organization,
RFN,Fertilizers by Nutrient,159,China,5610,Import quantity,3102,Nutrient nitrogen N (total),1999,1999,t,1439263.29,E,Estimated value,
RFN,Fertilizers by Nutrient,159,China,5910,Export quantity,3102,Nutrient nitrogen N (total),1999,1999,t,86810.34,E,Estimated value,
RFN,Fertilizers by Nutrient,159,China,5157,Agricultural Use,3102,Nutrient nitrogen N (total),1999,1999,t,24142000,X,Figure from external organization,
RFN,Fertilizers by Nutrient,159,China,5159,Use per area of cropland,3102,Nutrient nitrogen N (total),1999,1999,kg/ha,184.43,E,Estimated value,
RFN,Fertilizers by Nutrient,159,China,5172,Use per capita,3102,Nutrient nitrogen N (total),1999,1999,kg/cap,18.72,E,Estimated value,
RFN,Fertilizers by Nutrient,159,China,5173,Use per value of agricultural production,3102,Nutrient nitrogen N (total),1999,1999,g/Int$,44.06,E,Estimated value,
RFN,Fertilizers by Nutrient,159,China,5510,Production,3102,Nutrient nitrogen N (total),2000,2000,t,21559100,X,Figure from external organization,
RFN,Fertilizers by Nutrient,159,China,5610,Import quantity,3102,Nutrient nitrogen N (total),2000,2000,t,1366664.68,E,Estimated value,
RFN,Fertilizers by Nutrient,159,China,5910,Export quantity,3102,Nutrient nitrogen N (total),2000,2000,t,575998.99,E,Estimated value,
RFN,Fertilizers by Nutrient,159,China,5157,Agricultural Use,3102,Nutrient nitrogen N (total),2000,2000,t,22139168,X,Figure from external organization,
RFN,Fertilizers by Nutrient,159,China,5159,Use per area of cropland,3102,Nutrient nitrogen N (total),2000,2000,kg/ha,169.13,E,Estimated value,
RFN,Fertilizers by Nutrient,159,China,5172,Use per capita,3102,Nutrient nitrogen N (total),2000,2000,kg/cap,17.04,E,Estimated value,
RFN,Fertilizers by Nutrient,159,China,5173,Use per value of agricultural production,3102,Nutrient nitrogen N (total),2000,2000,g/Int$,38.62,E,Estimated value,
RFN,Fertilizers by Nutrient,159,China,5510,Production,3102,Nutrient nitrogen N (total),2001,2001,t,22075728,X,Figure from external organization,
RFN,Fertilizers by Nutrient,159,China,5610,Import quantity,3102,Nutrient nitrogen N (total),2001,2001,t,1148051.76,E,Estimated value,
RFN,Fertilizers by Nutrient,159,China,5910,Export quantity,3102,Nutrient nitrogen N (total),2001,2001,t,756222.07,E,Estimated value,
RFN,Fertilizers by Nutrient,159,China,5157,Agricultural Use,3102,Nutrient nitrogen N (total),2001,2001,t,22422712,X,Figure from external organization,
RFN,Fertilizers by Nutrient,159,China,5159,Use per area of cropland,3102,Nutrient nitrogen N (total),2001,2001,kg/ha,170.53,E,Estimated value,
RFN,Fertilizers by Nutrient,159,China,5172,Use per capita,3102,Nutrient nitrogen N (total),2001,2001,kg/cap,17.14,E,Estimated value,
RFN,Fertilizers by Nutrient,159,China,5173,Use per value of agricultural production,3102,Nutrient nitrogen N (total),2001,2001,g/Int$,38.36,E,Estimated value,
RFN,Fertilizers by Nutrient,159,China,5510,Production,3102,Nutrient nitrogen N (total),2002,2002,t,23447106.03,E,Estimated value,
RFN,Fertilizers by Nutrient,159,China,5610,Import quantity,3102,Nutrient nitrogen N (total),2002,2002,t,2252657.34,E,Estimated value,
RFN,Fertilizers by Nutrient,159,China,5910,Export quantity,3102,Nutrient nitrogen N (total),2002,2002,t,429279.12,E,Estimated value,
RFN,Fertilizers by Nutrient,159,China,5157,Agricultural Use,3102,Nutrient nitrogen N (total),2002,2002,t,25257865,E,Estimated value,
RFN,Fertilizers by Nutrient,159,China,5159,Use per area of cropland,3102,Nutrient nitrogen N (total),2002,2002,kg/ha,191.23,E,Estimated value,
RFN,Fertilizers by Nutrient,159,China,5172,Use per capita,3102,Nutrient nitrogen N (total),2002,2002,kg/cap,19.18,E,Estimated value,
RFN,Fertilizers by Nutrient,159,China,5173,Use per value of agricultural production,3102,Nutrient nitrogen N (total),2002,2002,g/Int$,41.62,E,Estimated value,
RFN,Fertilizers by Nutrient,159,China,5510,Production,3102,Nutrient nitrogen N (total),2003,2003,t,25833600.19,E,Estimated value,
RFN,Fertilizers by Nutrient,159,China,5610,Import quantity,3102,Nutrient nitrogen N (total),2003,2003,t,1153543.38,E,Estimated value,
RFN,Fertilizers by Nutrient,159,China,5910,Export quantity,3102,Nutrient nitrogen N (total),2003,2003,t,1586260.12,E,Estimated value,
RFN,Fertilizers by Nutrient,159,China,5157,Agricultural Use,3102,Nutrient nitrogen N (total),2003,2003,t,25385749,E,Estimated value,
RFN,Fertilizers by Nutrient,159,China,5159,Use per area of cropland,3102,Nutrient nitrogen N (total),2003,2003,kg/ha,191.34,E,Estimated value,
RFN,Fertilizers by Nutrient,159,China,5172,Use per capita,3102,Nutrient nitrogen N (total),2003,2003,kg/cap,19.17,E,Estimated value,
RFN,Fertilizers by Nutrient,159,China,5173,Use per value of agricultural production,3102,Nutrient nitrogen N (total),2003,2003,g/Int$,41.31,E,Estimated value,
RFN,Fertilizers by Nutrient,159,China,5510,Production,3102,Nutrient nitrogen N (total),2004,2004,t,27718904.86,E,Estimated value,
RFN,Fertilizers by Nutrient,159,China,5610,Import quantity,3102,Nutrient nitrogen N (total),2004,2004,t,1048419.54,E,Estimated value,
RFN,Fertilizers by Nutrient,159,China,5910,Export quantity,3102,Nutrient nitrogen N (total),2004,2004,t,2291991.42,E,Estimated value,
RFN,Fertilizers by Nutrient,159,China,5157,Agricultural Use,3102,Nutrient nitrogen N (total),2004,2004,t,26433323,E,Estimated value,
RFN,Fertilizers by Nutrient,159,China,5159,Use per area of cropland,3102,Nutrient nitrogen N (total),2004,2004,kg/ha,198.36,E,Estimated value,
RFN,Fertilizers by Nutrient,159,China,5172,Use per capita,3102,Nutrient nitrogen N (total),2004,2004,kg/cap,19.84,E,Estimated value,
RFN,Fertilizers by Nutrient,159,China,5173,Use per value of agricultural production,3102,Nutrient nitrogen N (total),2004,2004,g/Int$,40.68,E,Estimated value,
RFN,Fertilizers by Nutrient,159,China,5510,Production,3102,Nutrient nitrogen N (total),2005,2005,t,27043617.59,E,Estimated value,
RFN,Fertilizers by Nutrient,159,China,5610,Import quantity,3102,Nutrient nitrogen N (total),2005,2005,t,958497.88,E,Estimated value,
RFN,Fertilizers by Nutrient,159,China,5910,Export quantity,3102,Nutrient nitrogen N (total),2005,2005,t,1170671.82,E,Estimated value,
RFN,Fertilizers by Nutrient,159,China,5157,Agricultural Use,3102,Nutrient nitrogen N (total),2005,2005,t,26824564,E,Estimated value,
RFN,Fertilizers by Nutrient,159,China,5159,Use per area of cropland,3102,Nutrient nitrogen N (total),2005,2005,kg/ha,200.41,E,Estimated value,
RFN,Fertilizers by Nutrient,159,China,5172,Use per capita,3102,Nutrient nitrogen N (total),2005,2005,kg/cap,20.01,E,Estimated value,
RFN,Fertilizers by Nutrient,159,China,5173,Use per value of agricultural production,3102,Nutrient nitrogen N (total),2005,2005,g/Int$,39.84,E,Estimated value,
RFN,Fertilizers by Nutrient,159,China,5510,Production,3102,Nutrient nitrogen N (total),2006,2006,t,27837301.66,E,Estimated value,
RFN,Fertilizers by Nutrient,159,China,5610,Import quantity,3102,Nutrient nitrogen N (total),2006,2006,t,781931.24,E,Estimated value,
RFN,Fertilizers by Nutrient,159,China,5910,Export quantity,3102,Nutrient nitrogen N (total),2006,2006,t,1202710.99,E,Estimated value,
RFN,Fertilizers by Nutrient,159,China,5157,Agricultural Use,3102,Nutrient nitrogen N (total),2006,2006,t,27432416,E,Estimated value,
RFN,Fertilizers by Nutrient,159,China,5159,Use per area of cropland,3102,Nutrient nitrogen N (total),2006,2006,kg/ha,204.05,E,Estimated value,
RFN,Fertilizers by Nutrient,159,China,5172,Use per capita,3102,Nutrient nitrogen N (total),2006,2006,kg/cap,20.34,E,Estimated value,
RFN,Fertilizers by Nutrient,159,China,5173,Use per value of agricultural production,3102,Nutrient nitrogen N (total),2006,2006,g/Int$,39.74,E,Estimated value,
RFN,Fertilizers by Nutrient,159,China,5510,Production,3102,Nutrient nitrogen N (total),2007,2007,t,31357046.07,E,Estimated value,
RFN,Fertilizers by Nutrient,159,China,5610,Import quantity,3102,Nutrient nitrogen N (total),2007,2007,t,434608.79,E,Estimated value,
RFN,Fertilizers by Nutrient,159,China,5910,Export quantity,3102,Nutrient nitrogen N (total),2007,2007,t,3652239.53,E,Estimated value,
RFN,Fertilizers by Nutrient,159,China,5157,Agricultural Use,3102,Nutrient nitrogen N (total),2007,2007,t,28167177,A,Official figure,
RFN,Fertilizers by Nutrient,159,China,5159,Use per area of cropland,3102,Nutrient nitrogen N (total),2007,2007,kg/ha,208.6,E,Estimated value,
RFN,Fertilizers by Nutrient,159,China,5172,Use per capita,3102,Nutrient nitrogen N (total),2007,2007,kg/cap,20.77,E,Estimated value,
RFN,Fertilizers by Nutrient,159,China,5173,Use per value of agricultural production,3102,Nutrient nitrogen N (total),2007,2007,g/Int$,39.81,E,Estimated value,
RFN,Fertilizers by Nutrient,159,China,5510,Production,3102,Nutrient nitrogen N (total),2008,2008,t,31037963.41,E,Estimated value,
RFN,Fertilizers by Nutrient,159,China,5610,Import quantity,3102,Nutrient nitrogen N (total),2008,2008,t,244792.34,E,Estimated value,
RFN,Fertilizers by Nutrient,159,China,5910,Export quantity,3102,Nutrient nitrogen N (total),2008,2008,t,2733484.17,E,Estimated value,
RFN,Fertilizers by Nutrient,159,China,5157,Agricultural Use,3102,Nutrient nitrogen N (total),2008,2008,t,28561059,A,Official figure,
RFN,Fertilizers by Nutrient,159,China,5159,Use per area of cropland,3102,Nutrient nitrogen N (total),2008,2008,kg/ha,210.6,E,Estimated value,
RFN,Fertilizers by Nutrient,159,China,5172,Use per capita,3102,Nutrient nitrogen N (total),2008,2008,kg/cap,20.93,E,Estimated value,
RFN,Fertilizers by Nutrient,159,China,5173,Use per value of agricultural production,3102,Nutrient nitrogen N (total),2008,2008,g/Int$,38.18,E,Estimated value,
RFN,Fertilizers by Nutrient,159,China,5510,Production,3102,Nutrient nitrogen N (total),2009,2009,t,31059147.35,E,Estimated value,
RFN,Fertilizers by Nutrient,159,China,5610,Import quantity,3102,Nutrient nitrogen N (total),2009,2009,t,411678.08,E,Estimated value,
RFN,Fertilizers by Nutrient,159,China,5910,Export quantity,3102,Nutrient nitrogen N (total),2009,2009,t,2367690.63,E,Estimated value,
RFN,Fertilizers by Nutrient,159,China,5157,Agricultural Use,3102,Nutrient nitrogen N (total),2009,2009,t,29131162,A,Official figure,
RFN,Fertilizers by Nutrient,159,China,5159,Use per area of cropland,3102,Nutrient nitrogen N (total),2009,2009,kg/ha,213.88,E,Estimated value,
RFN,Fertilizers by Nutrient,159,China,5172,Use per capita,3102,Nutrient nitrogen N (total),2009,2009,kg/cap,21.21,E,Estimated value,
RFN,Fertilizers by Nutrient,159,China,5173,Use per value of agricultural production,3102,Nutrient nitrogen N (total),2009,2009,g/Int$,38.01,E,Estimated value,
RFN,Fertilizers by Nutrient,159,China,5510,Production,3102,Nutrient nitrogen N (total),2010,2010,t,34034088.78,E,Estimated value,
RFN,Fertilizers by Nutrient,159,China,5610,Import quantity,3102,Nutrient nitrogen N (total),2010,2010,t,390814,E,Estimated value,
RFN,Fertilizers by Nutrient,159,China,5910,Export quantity,3102,Nutrient nitrogen N (total),2010,2010,t,4725630.67,E,Estimated value,
RFN,Fertilizers by Nutrient,159,China,5157,Agricultural Use,3102,Nutrient nitrogen N (total),2010,2010,t,29703810,E,Estimated value,
RFN,Fertilizers by Nutrient,159,China,5159,Use per area of cropland,3102,Nutrient nitrogen N (total),2010,2010,kg/ha,219.3,E,Estimated value,
RFN,Fertilizers by Nutrient,159,China,5172,Use per capita,3102,Nutrient nitrogen N (total),2010,2010,kg/cap,21.49,E,Estimated value,
RFN,Fertilizers by Nutrient,159,China,5173,Use per value of agricultural production,3102,Nutrient nitrogen N (total),2010,2010,g/Int$,37.68,E,Estimated value,
RFN,Fertilizers by Nutrient,159,China,5510,Production,3102,Nutrient nitrogen N (total),2011,2011,t,33956549.6,E,Estimated value,
RFN,Fertilizers by Nutrient,159,China,5610,Import quantity,3102,Nutrient nitrogen N (total),2011,2011,t,306377.09,E,Estimated value,
RFN,Fertilizers by Nutrient,159,China,5910,Export quantity,3102,Nutrient nitrogen N (total),2011,2011,t,3980642.6,E,Estimated value,
RFN,Fertilizers by Nutrient,159,China,5157,Agricultural Use,3102,Nutrient nitrogen N (total),2011,2011,t,30296644,E,Estimated value,
RFN,Fertilizers by Nutrient,159,China,5159,Use per area of cropland,3102,Nutrient nitrogen N (total),2011,2011,kg/ha,224.93,E,Estimated value,
RFN,Fertilizers by Nutrient,159,China,5172,Use per capita,3102,Nutrient nitrogen N (total),2011,2011,kg/cap,21.78,E,Estimated value,
RFN,Fertilizers by Nutrient,159,China,5173,Use per value of agricultural production,3102,Nutrient nitrogen N (total),2011,2011,g/Int$,37.03,E,Estimated value,
RFN,Fertilizers by Nutrient,159,China,5510,Production,3102,Nutrient nitrogen N (total),2012,2012,t,35339720.97,E,Estimated value,
RFN,Fertilizers by Nutrient,159,China,5610,Import quantity,3102,Nutrient nitrogen N (total),2012,2012,t,430527.02,E,Estimated value,
RFN,Fertilizers by Nutrient,159,China,5910,Export quantity,3102,Nutrient nitrogen N (total),2012,2012,t,4994449.14,E,Estimated value,
RFN,Fertilizers by Nutrient,159,China,5157,Agricultural Use,3102,Nutrient nitrogen N (total),2012,2012,t,30799805,E,Estimated value,
RFN,Fertilizers by Nutrient,159,China,5159,Use per area of cropland,3102,Nutrient nitrogen N (total),2012,2012,kg/ha,229.96,E,Estimated value,
RFN,Fertilizers by Nutrient,159,China,5172,Use per capita,3102,Nutrient nitrogen N (total),2012,2012,kg/cap,21.99,E,Estimated value,
RFN,Fertilizers by Nutrient,159,China,5173,Use per value of agricultural production,3102,Nutrient nitrogen N (total),2012,2012,g/Int$,36.52,E,Estimated value,
RFN,Fertilizers by Nutrient,159,China,5510,Production,3102,Nutrient nitrogen N (total),2013,2013,t,36238276.63,E,Estimated value,
RFN,Fertilizers by Nutrient,159,China,5610,Import quantity,3102,Nutrient nitrogen N (total),2013,2013,t,377838.13,E,Estimated value,
RFN,Fertilizers by Nutrient,159,China,5910,Export quantity,3102,Nutrient nitrogen N (total),2013,2013,t,5674853.69,E,Estimated value,
RFN,Fertilizers by Nutrient,159,China,5157,Agricultural Use,3102,Nutrient nitrogen N (total),2013,2013,t,30962790,E,Estimated value,
RFN,Fertilizers by Nutrient,159,China,5159,Use per area of cropland,3102,Nutrient nitrogen N (total),2013,2013,kg/ha,232.49,E,Estimated value,
RFN,Fertilizers by Nutrient,159,China,5172,Use per capita,3102,Nutrient nitrogen N (total),2013,2013,kg/cap,21.95,E,Estimated value,
RFN,Fertilizers by Nutrient,159,China,5173,Use per value of agricultural production,3102,Nutrient nitrogen N (total),2013,2013,g/Int$,36.04,E,Estimated value,
RFN,Fertilizers by Nutrient,159,China,5510,Production,3102,Nutrient nitrogen N (total),2014,2014,t,39689047.45,E,Estimated value,
RFN,Fertilizers by Nutrient,159,China,5610,Import quantity,3102,Nutrient nitrogen N (total),2014,2014,t,353313.97,E,Estimated value,
RFN,Fertilizers by Nutrient,159,China,5910,Export quantity,3102,Nutrient nitrogen N (total),2014,2014,t,8892419.37,E,Estimated value,
RFN,Fertilizers by Nutrient,159,China,5157,Agricultural Use,3102,Nutrient nitrogen N (total),2014,2014,t,31140379,E,Estimated value,
RFN,Fertilizers by Nutrient,159,China,5159,Use per area of cropland,3102,Nutrient nitrogen N (total),2014,2014,kg/ha,235.15,E,Estimated value,
RFN,Fertilizers by Nutrient,159,China,5172,Use per capita,3102,Nutrient nitrogen N (total),2014,2014,kg/cap,21.94,E,Estimated value,
RFN,Fertilizers by Nutrient,159,China,5173,Use per value of agricultural production,3102,Nutrient nitrogen N (total),2014,2014,g/Int$,35.61,E,Estimated value,
RFN,Fertilizers by Nutrient,159,China,5510,Production,3102,Nutrient nitrogen N (total),2015,2015,t,40541064.15,E,Estimated value,
RFN,Fertilizers by Nutrient,159,China,5610,Import quantity,3102,Nutrient nitrogen N (total),2015,2015,t,360717.99,E,Estimated value,
RFN,Fertilizers by Nutrient,159,China,5910,Export quantity,3102,Nutrient nitrogen N (total),2015,2015,t,9976147.7,E,Estimated value,
RFN,Fertilizers by Nutrient,159,China,5157,Agricultural Use,3102,Nutrient nitrogen N (total),2015,2015,t,30949269,E,Estimated value,
RFN,Fertilizers by Nutrient,159,China,5159,Use per area of cropland,3102,Nutrient nitrogen N (total),2015,2015,kg/ha,235.05,E,Estimated value,
RFN,Fertilizers by Nutrient,159,China,5172,Use per capita,3102,Nutrient nitrogen N (total),2015,2015,kg/cap,21.68,E,Estimated value,
RFN,Fertilizers by Nutrient,159,China,5173,Use per value of agricultural production,3102,Nutrient nitrogen N (total),2015,2015,g/Int$,34.25,E,Estimated value,
RFN,Fertilizers by Nutrient,159,China,5510,Production,3102,Nutrient nitrogen N (total),2016,2016,t,33879870.75,E,Estimated value,
RFN,Fertilizers by Nutrient,159,China,5610,Import quantity,3102,Nutrient nitrogen N (total),2016,2016,t,307103.78,E,Estimated value,
RFN,Fertilizers by Nutrient,159,China,5910,Export quantity,3102,Nutrient nitrogen N (total),2016,2016,t,6129440.99,E,Estimated value,
RFN,Fertilizers by Nutrient,159,China,5157,Agricultural Use,3102,Nutrient nitrogen N (total),2016,2016,t,30543554,E,Estimated value,
RFN,Fertilizers by Nutrient,159,China,5159,Use per area of cropland,3102,Nutrient nitrogen N (total),2016,2016,kg/ha,233.3,E,Estimated value,
RFN,Fertilizers by Nutrient,159,China,5172,Use per capita,3102,Nutrient nitrogen N (total),2016,2016,kg/cap,21.27,E,Estimated value,
RFN,Fertilizers by Nutrient,159,China,5173,Use per value of agricultural production,3102,Nutrient nitrogen N (total),2016,2016,g/Int$,33.93,E,Estimated value,
RFN,Fertilizers by Nutrient,159,China,5510,Production,3102,Nutrient nitrogen N (total),2017,2017,t,34936915.66,E,Estimated value,
RFN,Fertilizers by Nutrient,159,China,5610,Import quantity,3102,Nutrient nitrogen N (total),2017,2017,t,311584.87,E,Estimated value,
RFN,Fertilizers by Nutrient,159,China,5910,Export quantity,3102,Nutrient nitrogen N (total),2017,2017,t,5556178.5,E,Estimated value,
RFN,Fertilizers by Nutrient,159,China,5157,Agricultural Use,3102,Nutrient nitrogen N (total),2017,2017,t,29692040,E,Estimated value,
RFN,Fertilizers by Nutrient,159,China,5159,Use per area of cropland,3102,Nutrient nitrogen N (total),2017,2017,kg/ha,228.11,E,Estimated value,
RFN,Fertilizers by Nutrient,159,China,5172,Use per capita,3102,Nutrient nitrogen N (total),2017,2017,kg/cap,20.56,E,Estimated value,
RFN,Fertilizers by Nutrient,159,China,5173,Use per value of agricultural production,3102,Nutrient nitrogen N (total),2017,2017,g/Int$,32.55,E,Estimated value,
RFN,Fertilizers by Nutrient,159,China,5510,Production,3102,Nutrient nitrogen N (total),2018,2018,t,32780197.13,E,Estimated value,
RFN,Fertilizers by Nutrient,159,China,5610,Import quantity,3102,Nutrient nitrogen N (total),2018,2018,t,450583.92,E,Estimated value,
RFN,Fertilizers by Nutrient,159,China,5910,Export quantity,3102,Nutrient nitrogen N (total),2018,2018,t,4943471.68,E,Estimated value,
RFN,Fertilizers by Nutrient,159,China,5157,Agricultural Use,3102,Nutrient nitrogen N (total),2018,2018,t,28286014,E,Estimated value,
RFN,Fertilizers by Nutrient,159,China,5159,Use per area of cropland,3102,Nutrient nitrogen N (total),2018,2018,kg/ha,218.58,E,Estimated value,
RFN,Fertilizers by Nutrient,159,China,5172,Use per capita,3102,Nutrient nitrogen N (total),2018,2018,kg/cap,19.5,E,Estimated value,
RFN,Fertilizers by Nutrient,159,China,5173,Use per value of agricultural production,3102,Nutrient nitrogen N (total),2018,2018,g/Int$,30.69,E,Estimated value,
RFN,Fertilizers by Nutrient,159,China,5510,Production,3102,Nutrient nitrogen N (total),2019,2019,t,32529245.11,E,Estimated value,
RFN,Fertilizers by Nutrient,159,China,5610,Import quantity,3102,Nutrient nitrogen N (total),2019,2019,t,432705.56,E,Estimated value,
RFN,Fertilizers by Nutrient,159,China,5910,Export quantity,3102,Nutrient nitrogen N (total),2019,2019,t,6058705.16,E,Estimated value,
RFN,Fertilizers by Nutrient,159,China,5157,Agricultural Use,3102,Nutrient nitrogen N (total),2019,2019,t,26873604,E,Estimated value,
RFN,Fertilizers by Nutrient,159,China,5159,Use per area of cropland,3102,Nutrient nitrogen N (total),2019,2019,kg/ha,208.88,E,Estimated value,
RFN,Fertilizers by Nutrient,159,China,5172,Use per capita,3102,Nutrient nitrogen N (total),2019,2019,kg/cap,18.47,E,Estimated value,
RFN,Fertilizers by Nutrient,159,China,5173,Use per value of agricultural production,3102,Nutrient nitrogen N (total),2019,2019,g/Int$,28.97,E,Estimated value,
RFN,Fertilizers by Nutrient,159,China,5510,Production,3102,Nutrient nitrogen N (total),2020,2020,t,32011602.28,E,Estimated value,
RFN,Fertilizers by Nutrient,159,China,5610,Import quantity,3102,Nutrient nitrogen N (total),2020,2020,t,366757.48,E,Estimated value,
RFN,Fertilizers by Nutrient,159,China,5910,Export quantity,3102,Nutrient nitrogen N (total),2020,2020,t,6491350.81,E,Estimated value,
RFN,Fertilizers by Nutrient,159,China,5157,Agricultural Use,3102,Nutrient nitrogen N (total),2020,2020,t,25885154,E,Estimated value,
RFN,Fertilizers by Nutrient,159,China,5159,Use per area of cropland,3102,Nutrient nitrogen N (total),2020,2020,kg/ha,201.35,E,Estimated value,
RFN,Fertilizers by Nutrient,159,China,5172,Use per capita,3102,Nutrient nitrogen N (total),2020,2020,kg/cap,17.75,E,Estimated value,
RFN,Fertilizers by Nutrient,159,China,5173,Use per value of agricultural production,3102,Nutrient nitrogen N (total),2020,2020,g/Int$,27.63,E,Estimated value,
RFN,Fertilizers by Nutrient,159,China,5510,Production,3102,Nutrient nitrogen N (total),2021,2021,t,31963450.39,E,Estimated value,
RFN,Fertilizers by Nutrient,159,China,5610,Import quantity,3102,Nutrient nitrogen N (total),2021,2021,t,317634.69,E,Estimated value,
RFN,Fertilizers by Nutrient,159,China,5910,Export quantity,3102,Nutrient nitrogen N (total),2021,2021,t,7059507.84,E,Estimated value,
RFN,Fertilizers by Nutrient,159,China,5157,Agricultural Use,3102,Nutrient nitrogen N (total),2021,2021,t,25229131,E,Estimated value,
RFN,Fertilizers by Nutrient,159,China,5159,Use per area of cropland,3102,Nutrient nitrogen N (total),2021,2021,kg/ha,196.53,E,Estimated value,
RFN,Fertilizers by Nutrient,159,China,5172,Use per capita,3102,Nutrient nitrogen N (total),2021,2021,kg/cap,17.3,E,Estimated value,
RFN,Fertilizers by Nutrient,159,China,5173,Use per value of agricultural production,3102,Nutrient nitrogen N (total),2021,2021,g/Int$,25.87,E,Estimated value,
RFN,Fertilizers by Nutrient,159,China,5510,Production,3102,Nutrient nitrogen N (total),2022,2022,t,31277655.56,E,Estimated value,
RFN,Fertilizers by Nutrient,159,China,5610,Import quantity,3102,Nutrient nitrogen N (total),2022,2022,t,139853.41,E,Estimated value,
RFN,Fertilizers by Nutrient,159,China,5910,Export quantity,3102,Nutrient nitrogen N (total),2022,2022,t,5266849.04,E,Estimated value,
RFN,Fertilizers by Nutrient,159,China,5157,Agricultural Use,3102,Nutrient nitrogen N (total),2022,2022,t,24562312,E,Estimated value,
RFN,Fertilizers by Nutrient,159,China,5159,Use per area of cropland,3102,Nutrient nitrogen N (total),2022,2022,kg/ha,191.35,E,Estimated value,
RFN,Fertilizers by Nutrient,159,China,5172,Use per capita,3102,Nutrient nitrogen N (total),2022,2022,kg/cap,16.86,E,Estimated value,
RFN,Fertilizers by Nutrient,159,China,5173,Use per value of agricultural production,3102,Nutrient nitrogen N (total),2022,2022,g/Int$,24.6,E,Estimated value,
RFN,Fertilizers by Nutrient,159,China,5510,Production,3102,Nutrient nitrogen N (total),2023,2023,t,31039281.25,E,Estimated value,
RFN,Fertilizers by Nutrient,159,China,5610,Import quantity,3102,Nutrient nitrogen N (total),2023,2023,t,272226.19,E,Estimated value,
RFN,Fertilizers by Nutrient,159,China,5910,Export quantity,3102,Nutrient nitrogen N (total),2023,2023,t,6681534.64,E,Estimated value,
RFN,Fertilizers by Nutrient,159,China,5157,Agricultural Use,3102,Nutrient nitrogen N (total),2023,2023,t,24669979,E,Estimated value,
RFN,Fertilizers by Nutrient,159,China,5159,Use per area of cropland,3102,Nutrient nitrogen N (total),2023,2023,kg/ha,192.19,E,Estimated value,
RFN,Fertilizers by Nutrient,159,China,5172,Use per capita,3102,Nutrient nitrogen N (total),2023,2023,kg/cap,16.97,E,Estimated value,
RFN,Fertilizers by Nutrient,159,China,5173,Use per value of agricultural production,3102,Nutrient nitrogen N (total),2023,2023,g/Int$,24.19,E,Estimated value,
RFN,Fertilizers by Nutrient,159,China,5510,Production,3103,Nutrient phosphate P2O5 (total),1961,1961,t,146000,A,Official figure,
RFN,Fertilizers by Nutrient,159,China,5610,Import quantity,3103,Nutrient phosphate P2O5 (total),1961,1961,t,4000,X,Figure from external organization,
RFN,Fertilizers by Nutrient,159,China,5157,Agricultural Use,3103,Nutrient phosphate P2O5 (total),1961,1961,t,148000,A,Official figure,
RFN,Fertilizers by Nutrient,159,China,5159,Use per area of cropland,3103,Nutrient phosphate P2O5 (total),1961,1961,kg/ha,1.41,E,Estimated value,
RFN,Fertilizers by Nutrient,159,China,5172,Use per capita,3103,Nutrient phosphate P2O5 (total),1961,1961,kg/cap,0.22,E,Estimated value,
RFN,Fertilizers by Nutrient,159,China,5173,Use per value of agricultural production,3103,Nutrient phosphate P2O5 (total),1961,1961,g/Int$,1.47,E,Estimated value,
RFN,Fertilizers by Nutrient,159,China,5510,Production,3103,Nutrient phosphate P2O5 (total),1962,1962,t,155000,A,Official figure,
RFN,Fertilizers by Nutrient,159,China,5610,Import quantity,3103,Nutrient phosphate P2O5 (total),1962,1962,t,4000,X,Figure from external organization,
RFN,Fertilizers by Nutrient,159,China,5157,Agricultural Use,3103,Nutrient phosphate P2O5 (total),1962,1962,t,156000,A,Official figure,
RFN,Fertilizers by Nutrient,159,China,5159,Use per area of cropland,3103,Nutrient phosphate P2O5 (total),1962,1962,kg/ha,1.49,E,Estimated value,
RFN,Fertilizers by Nutrient,159,China,5172,Use per capita,3103,Nutrient phosphate P2O5 (total),1962,1962,kg/cap,0.23,E,Estimated value,
RFN,Fertilizers by Nutrient,159,China,5173,Use per value of agricultural production,3103,Nutrient phosphate P2O5 (total),1962,1962,g/Int$,1.47,E,Estimated value,
RFN,Fertilizers by Nutrient,159,China,5510,Production,3103,Nutrient phosphate P2O5 (total),1963,1963,t,223000,A,Official figure,
RFN,Fertilizers by Nutrient,159,China,5610,Import quantity,3103,Nutrient phosphate P2O5 (total),1963,1963,t,20000,E,Estimated value,
RFN,Fertilizers by Nutrient,159,China,5157,Agricultural Use,3103,Nutrient phosphate P2O5 (total),1963,1963,t,243000,X,Figure from external organization,
RFN,Fertilizers by Nutrient,159,China,5159,Use per area of cropland,3103,Nutrient phosphate P2O5 (total),1963,1963,kg/ha,2.32,E,Estimated value,
RFN,Fertilizers by Nutrient,159,China,5172,Use per capita,3103,Nutrient phosphate P2O5 (total),1963,1963,kg/cap,0.35,E,Estimated value,
RFN,Fertilizers by Nutrient,159,China,5173,Use per value of agricultural production,3103,Nutrient phosphate P2O5 (total),1963,1963,g/Int$,2.17,E,Estimated value,
RFN,Fertilizers by Nutrient,159,China,5510,Production,3103,Nutrient phosphate P2O5 (total),1964,1964,t,368000,A,Official figure,
RFN,Fertilizers by Nutrient,159,China,5610,Import quantity,3103,Nutrient phosphate P2O5 (total),1964,1964,t,25000,E,Estimated value,
RFN,Fertilizers by Nutrient,159,China,5157,Agricultural Use,3103,Nutrient phosphate P2O5 (total),1964,1964,t,392000,X,Figure from external organization,
RFN,Fertilizers by Nutrient,159,China,5159,Use per area of cropland,3103,Nutrient phosphate P2O5 (total),1964,1964,kg/ha,3.74,E,Estimated value,
RFN,Fertilizers by Nutrient,159,China,5172,Use per capita,3103,Nutrient phosphate P2O5 (total),1964,1964,kg/cap,0.54,E,Estimated value,
RFN,Fertilizers by Nutrient,159,China,5173,Use per value of agricultural production,3103,Nutrient phosphate P2O5 (total),1964,1964,g/Int$,3.27,E,Estimated value,
RFN,Fertilizers by Nutrient,159,China,5510,Production,3103,Nutrient phosphate P2O5 (total),1965,1965,t,724000,A,Official figure,
RFN,Fertilizers by Nutrient,159,China,5157,Agricultural Use,3103,Nutrient phosphate P2O5 (total),1965,1965,t,725000,A,Official figure,
RFN,Fertilizers by Nutrient,159,China,5159,Use per area of cropland,3103,Nutrient phosphate P2O5 (total),1965,1965,kg/ha,6.94,E,Estimated value,
RFN,Fertilizers by Nutrient,159,China,5172,Use per capita,3103,Nutrient phosphate P2O5 (total),1965,1965,kg/cap,0.98,E,Estimated value,
RFN,Fertilizers by Nutrient,159,China,5173,Use per value of agricultural production,3103,Nutrient phosphate P2O5 (total),1965,1965,g/Int$,5.53,E,Estimated value,
RFN,Fertilizers by Nutrient,159,China,5510,Production,3103,Nutrient phosphate P2O5 (total),1966,1966,t,985000,A,Official figure,
RFN,Fertilizers by Nutrient,159,China,5610,Import quantity,3103,Nutrient phosphate P2O5 (total),1966,1966,t,5000,X,Figure from external organization,
RFN,Fertilizers by Nutrient,159,China,5157,Agricultural Use,3103,Nutrient phosphate P2O5 (total),1966,1966,t,989000,X,Figure from external organization,
RFN,Fertilizers by Nutrient,159,China,5159,Use per area of cropland,3103,Nutrient phosphate P2O5 (total),1966,1966,kg/ha,9.5,E,Estimated value,
RFN,Fertilizers by Nutrient,159,China,5172,Use per capita,3103,Nutrient phosphate P2O5 (total),1966,1966,kg/cap,1.3,E,Estimated value,
RFN,Fertilizers by Nutrient,159,China,5173,Use per value of agricultural production,3103,Nutrient phosphate P2O5 (total),1966,1966,g/Int$,7,E,Estimated value,
RFN,Fertilizers by Nutrient,159,China,5510,Production,3103,Nutrient phosphate P2O5 (total),1967,1967,t,659000,A,Official figure,
RFN,Fertilizers by Nutrient,159,China,5610,Import quantity,3103,Nutrient phosphate P2O5 (total),1967,1967,t,3000,X,Figure from external organization,
RFN,Fertilizers by Nutrient,159,China,5157,Agricultural Use,3103,Nutrient phosphate P2O5 (total),1967,1967,t,663000,X,Figure from external organization,
RFN,Fertilizers by Nutrient,159,China,5159,Use per area of cropland,3103,Nutrient phosphate P2O5 (total),1967,1967,kg/ha,6.39,E,Estimated value,
RFN,Fertilizers by Nutrient,159,China,5172,Use per capita,3103,Nutrient phosphate P2O5 (total),1967,1967,kg/cap,0.85,E,Estimated value,
RFN,Fertilizers by Nutrient,159,China,5173,Use per value of agricultural production,3103,Nutrient phosphate P2O5 (total),1967,1967,g/Int$,4.63,E,Estimated value,
RFN,Fertilizers by Nutrient,159,China,5510,Production,3103,Nutrient phosphate P2O5 (total),1968,1968,t,465000,A,Official figure,
RFN,Fertilizers by Nutrient,159,China,5610,Import quantity,3103,Nutrient phosphate P2O5 (total),1968,1968,t,5000,X,Figure from external organization,
RFN,Fertilizers by Nutrient,159,China,5157,Agricultural Use,3103,Nutrient phosphate P2O5 (total),1968,1968,t,467000,X,Figure from external organization,
RFN,Fertilizers by Nutrient,159,China,5159,Use per area of cropland,3103,Nutrient phosphate P2O5 (total),1968,1968,kg/ha,4.52,E,Estimated value,
RFN,Fertilizers by Nutrient,159,China,5172,Use per capita,3103,Nutrient phosphate P2O5 (total),1968,1968,kg/cap,0.58,E,Estimated value,
RFN,Fertilizers by Nutrient,159,China,5173,Use per value of agricultural production,3103,Nutrient phosphate P2O5 (total),1968,1968,g/Int$,3.27,E,Estimated value,
RFN,Fertilizers by Nutrient,159,China,5510,Production,3103,Nutrient phosphate P2O5 (total),1969,1969,t,767000,A,Official figure,
RFN,Fertilizers by Nutrient,159,China,5610,Import quantity,3103,Nutrient phosphate P2O5 (total),1969,1969,t,4000,X,Figure from external organization,
RFN,Fertilizers by Nutrient,159,China,5157,Agricultural Use,3103,Nutrient phosphate P2O5 (total),1969,1969,t,768000,A,Official figure,
RFN,Fertilizers by Nutrient,159,China,5159,Use per area of cropland,3103,Nutrient phosphate P2O5 (total),1969,1969,kg/ha,7.46,E,Estimated value,
RFN,Fertilizers by Nutrient,159,China,5172,Use per capita,3103,Nutrient phosphate P2O5 (total),1969,1969,kg/cap,0.94,E,Estimated value,
RFN,Fertilizers by Nutrient,159,China,5173,Use per value of agricultural production,3103,Nutrient phosphate P2O5 (total),1969,1969,g/Int$,5.32,E,Estimated value,
RFN,Fertilizers by Nutrient,159,China,5510,Production,3103,Nutrient phosphate P2O5 (total),1970,1970,t,950000,A,Official figure,
RFN,Fertilizers by Nutrient,159,China,5610,Import quantity,3103,Nutrient phosphate P2O5 (total),1970,1970,t,2000,X,Figure from external organization,
RFN,Fertilizers by Nutrient,159,China,5910,Export quantity,3103,Nutrient phosphate P2O5 (total),1970,1970,t,900,X,Figure from external organization,
RFN,Fertilizers by Nutrient,159,China,5157,Agricultural Use,3103,Nutrient phosphate P2O5 (total),1970,1970,t,949000,A,Official figure,
RFN,Fertilizers by Nutrient,159,China,5159,Use per area of cropland,3103,Nutrient phosphate P2O5 (total),1970,1970,kg/ha,9.26,E,Estimated value,
RFN,Fertilizers by Nutrient,159,China,5172,Use per capita,3103,Nutrient phosphate P2O5 (total),1970,1970,kg/cap,1.13,E,Estimated value,
RFN,Fertilizers by Nutrient,159,China,5173,Use per value of agricultural production,3103,Nutrient phosphate P2O5 (total),1970,1970,g/Int$,6.2,E,Estimated value,
RFN,Fertilizers by Nutrient,159,China,5510,Production,3103,Nutrient phosphate P2O5 (total),1971,1971,t,1125000,A,Official figure,
RFN,Fertilizers by Nutrient,159,China,5610,Import quantity,3103,Nutrient phosphate P2O5 (total),1971,1971,t,2000,X,Figure from external organization,
RFN,Fertilizers by Nutrient,159,China,5910,Export quantity,3103,Nutrient phosphate P2O5 (total),1971,1971,t,900,X,Figure from external organization,
RFN,Fertilizers by Nutrient,159,China,5157,Agricultural Use,3103,Nutrient phosphate P2O5 (total),1971,1971,t,1124000,A,Official figure,
RFN,Fertilizers by Nutrient,159,China,5159,Use per area of cropland,3103,Nutrient phosphate P2O5 (total),1971,1971,kg/ha,11,E,Estimated value,
RFN,Fertilizers by Nutrient,159,China,5172,Use per capita,3103,Nutrient phosphate P2O5 (total),1971,1971,kg/cap,1.3,E,Estimated value,
RFN,Fertilizers by Nutrient,159,China,5173,Use per value of agricultural production,3103,Nutrient phosphate P2O5 (total),1971,1971,g/Int$,7.08,E,Estimated value,
RFN,Fertilizers by Nutrient,159,China,5510,Production,3103,Nutrient phosphate P2O5 (total),1972,1972,t,1303000,A,Official figure,
RFN,Fertilizers by Nutrient,159,China,5610,Import quantity,3103,Nutrient phosphate P2O5 (total),1972,1972,t,18200,X,Figure from external organization,
RFN,Fertilizers by Nutrient,159,China,5910,Export quantity,3103,Nutrient phosphate P2O5 (total),1972,1972,t,5700,X,Figure from external organization,
RFN,Fertilizers by Nutrient,159,China,5157,Agricultural Use,3103,Nutrient phosphate P2O5 (total),1972,1972,t,1316200,X,Figure from external organization,
RFN,Fertilizers by Nutrient,159,China,5159,Use per area of cropland,3103,Nutrient phosphate P2O5 (total),1972,1972,kg/ha,12.93,E,Estimated value,
RFN,Fertilizers by Nutrient,159,China,5172,Use per capita,3103,Nutrient phosphate P2O5 (total),1972,1972,kg/cap,1.49,E,Estimated value,
RFN,Fertilizers by Nutrient,159,China,5173,Use per value of agricultural production,3103,Nutrient phosphate P2O5 (total),1972,1972,g/Int$,8.41,E,Estimated value,
RFN,Fertilizers by Nutrient,159,China,5510,Production,3103,Nutrient phosphate P2O5 (total),1973,1973,t,1634000,A,Official figure,
RFN,Fertilizers by Nutrient,159,China,5610,Import quantity,3103,Nutrient phosphate P2O5 (total),1973,1973,t,109800,X,Figure from external organization,
RFN,Fertilizers by Nutrient,159,China,5910,Export quantity,3103,Nutrient phosphate P2O5 (total),1973,1973,t,2400,X,Figure from external organization,
RFN,Fertilizers by Nutrient,159,China,5157,Agricultural Use,3103,Nutrient phosphate P2O5 (total),1973,1973,t,1757800,X,Figure from external organization,
RFN,Fertilizers by Nutrient,159,China,5159,Use per area of cropland,3103,Nutrient phosphate P2O5 (total),1973,1973,kg/ha,17.34,E,Estimated value,
RFN,Fertilizers by Nutrient,159,China,5172,Use per capita,3103,Nutrient phosphate P2O5 (total),1973,1973,kg/cap,1.95,E,Estimated value,
RFN,Fertilizers by Nutrient,159,China,5173,Use per value of agricultural production,3103,Nutrient phosphate P2O5 (total),1973,1973,g/Int$,10.08,E,Estimated value,
RFN,Fertilizers by Nutrient,159,China,5510,Production,3103,Nutrient phosphate P2O5 (total),1974,1974,t,1451000,A,Official figure,
RFN,Fertilizers by Nutrient,159,China,5610,Import quantity,3103,Nutrient phosphate P2O5 (total),1974,1974,t,32700,X,Figure from external organization,
RFN,Fertilizers by Nutrient,159,China,5910,Export quantity,3103,Nutrient phosphate P2O5 (total),1974,1974,t,700,X,Figure from external organization,
RFN,Fertilizers by Nutrient,159,China,5157,Agricultural Use,3103,Nutrient phosphate P2O5 (total),1974,1974,t,1474700,X,Figure from external organization,
RFN,Fertilizers by Nutrient,159,China,5159,Use per area of cropland,3103,Nutrient phosphate P2O5 (total),1974,1974,kg/ha,14.45,E,Estimated value,
RFN,Fertilizers by Nutrient,159,China,5172,Use per capita,3103,Nutrient phosphate P2O5 (total),1974,1974,kg/cap,1.6,E,Estimated value,
RFN,Fertilizers by Nutrient,159,China,5173,Use per value of agricultural production,3103,Nutrient phosphate P2O5 (total),1974,1974,g/Int$,8.47,E,Estimated value,
RFN,Fertilizers by Nutrient,159,China,5510,Production,3103,Nutrient phosphate P2O5 (total),1975,1975,t,1596000,A,Official figure,
RFN,Fertilizers by Nutrient,159,China,5610,Import quantity,3103,Nutrient phosphate P2O5 (total),1975,1975,t,14600,X,Figure from external organization,
RFN,Fertilizers by Nutrient,159,China,5157,Agricultural Use,3103,Nutrient phosphate P2O5 (total),1975,1975,t,1605600,X,Figure from external organization,
RFN,Fertilizers by Nutrient,159,China,5159,Use per area of cropland,3103,Nutrient phosphate P2O5 (total),1975,1975,kg/ha,15.95,E,Estimated value,
RFN,Fertilizers by Nutrient,159,China,5172,Use per capita,3103,Nutrient phosphate P2O5 (total),1975,1975,kg/cap,1.71,E,Estimated value,
RFN,Fertilizers by Nutrient,159,China,5173,Use per value of agricultural production,3103,Nutrient phosphate P2O5 (total),1975,1975,g/Int$,9.03,E,Estimated value,
RFN,Fertilizers by Nutrient,159,China,5510,Production,3103,Nutrient phosphate P2O5 (total),1976,1976,t,1485000,A,Official figure,
RFN,Fertilizers by Nutrient,159,China,5610,Import quantity,3103,Nutrient phosphate P2O5 (total),1976,1976,t,13053,X,Figure from external organization,
RFN,Fertilizers by Nutrient,159,China,5157,Agricultural Use,3103,Nutrient phosphate P2O5 (total),1976,1976,t,1491000,X,Figure from external organization,
RFN,Fertilizers by Nutrient,159,China,5159,Use per area of cropland,3103,Nutrient phosphate P2O5 (total),1976,1976,kg/ha,14.83,E,Estimated value,
RFN,Fertilizers by Nutrient,159,China,5172,Use per capita,3103,Nutrient phosphate P2O5 (total),1976,1976,kg/cap,1.57,E,Estimated value,
RFN,Fertilizers by Nutrient,159,China,5173,Use per value of agricultural production,3103,Nutrient phosphate P2O5 (total),1976,1976,g/Int$,8.48,E,Estimated value,
RFN,Fertilizers by Nutrient,159,China,5510,Production,3103,Nutrient phosphate P2O5 (total),1977,1977,t,1781000,A,Official figure,
RFN,Fertilizers by Nutrient,159,China,5610,Import quantity,3103,Nutrient phosphate P2O5 (total),1977,1977,t,94000,X,Figure from external organization,
RFN,Fertilizers by Nutrient,159,China,5910,Export quantity,3103,Nutrient phosphate P2O5 (total),1977,1977,t,2800,X,Figure from external organization,
RFN,Fertilizers by Nutrient,159,China,5157,Agricultural Use,3103,Nutrient phosphate P2O5 (total),1977,1977,t,1872700,X,Figure from external organization,
RFN,Fertilizers by Nutrient,159,China,5159,Use per area of cropland,3103,Nutrient phosphate P2O5 (total),1977,1977,kg/ha,18.65,E,Estimated value,
RFN,Fertilizers by Nutrient,159,China,5172,Use per capita,3103,Nutrient phosphate P2O5 (total),1977,1977,kg/cap,1.94,E,Estimated value,
RFN,Fertilizers by Nutrient,159,China,5173,Use per value of agricultural production,3103,Nutrient phosphate P2O5 (total),1977,1977,g/Int$,10.4,E,Estimated value,
RFN,Fertilizers by Nutrient,159,China,5510,Production,3103,Nutrient phosphate P2O5 (total),1978,1978,t,1108400,A,Official figure,
RFN,Fertilizers by Nutrient,159,China,5610,Import quantity,3103,Nutrient phosphate P2O5 (total),1978,1978,t,249533,A,Official figure,
RFN,Fertilizers by Nutrient,159,China,5910,Export quantity,3103,Nutrient phosphate P2O5 (total),1978,1978,t,537,A,Official figure,
RFN,Fertilizers by Nutrient,159,China,5157,Agricultural Use,3103,Nutrient phosphate P2O5 (total),1978,1978,t,1347200,A,Official figure,
RFN,Fertilizers by Nutrient,159,China,5159,Use per area of cropland,3103,Nutrient phosphate P2O5 (total),1978,1978,kg/ha,13.43,E,Estimated value,
RFN,Fertilizers by Nutrient,159,China,5172,Use per capita,3103,Nutrient phosphate P2O5 (total),1978,1978,kg/cap,1.38,E,Estimated value,
RFN,Fertilizers by Nutrient,159,China,5173,Use per value of agricultural production,3103,Nutrient phosphate P2O5 (total),1978,1978,g/Int$,6.83,E,Estimated value,
RFN,Fertilizers by Nutrient,159,China,5510,Production,3103,Nutrient phosphate P2O5 (total),1979,1979,t,1869900,A,Official figure,
RFN,Fertilizers by Nutrient,159,China,5610,Import quantity,3103,Nutrient phosphate P2O5 (total),1979,1979,t,172038,A,Official figure,
RFN,Fertilizers by Nutrient,159,China,5910,Export quantity,3103,Nutrient phosphate P2O5 (total),1979,1979,t,1707,A,Official figure,
RFN,Fertilizers by Nutrient,159,China,5157,Agricultural Use,3103,Nutrient phosphate P2O5 (total),1979,1979,t,2049000,A,Official figure,
RFN,Fertilizers by Nutrient,159,China,5159,Use per area of cropland,3103,Nutrient phosphate P2O5 (total),1979,1979,kg/ha,20.43,E,Estimated value,
RFN,Fertilizers by Nutrient,159,China,5172,Use per capita,3103,Nutrient phosphate P2O5 (total),1979,1979,kg/cap,2.07,E,Estimated value,
RFN,Fertilizers by Nutrient,159,China,5173,Use per value of agricultural production,3103,Nutrient phosphate P2O5 (total),1979,1979,g/Int$,9.99,E,Estimated value,
RFN,Fertilizers by Nutrient,159,China,5510,Production,3103,Nutrient phosphate P2O5 (total),1980,1980,t,2367000,A,Official figure,
RFN,Fertilizers by Nutrient,159,China,5610,Import quantity,3103,Nutrient phosphate P2O5 (total),1980,1980,t,366967,X,Figure from external organization,
RFN,Fertilizers by Nutrient,159,China,5157,Agricultural Use,3103,Nutrient phosphate P2O5 (total),1980,1980,t,2744400,A,Official figure,
RFN,Fertilizers by Nutrient,159,China,5159,Use per area of cropland,3103,Nutrient phosphate P2O5 (total),1980,1980,kg/ha,27.38,E,Estimated value,
RFN,Fertilizers by Nutrient,159,China,5172,Use per capita,3103,Nutrient phosphate P2O5 (total),1980,1980,kg/cap,2.73,E,Estimated value,
RFN,Fertilizers by Nutrient,159,China,5173,Use per value of agricultural production,3103,Nutrient phosphate P2O5 (total),1980,1980,g/Int$,13.26,E,Estimated value,
RFN,Fertilizers by Nutrient,159,China,5510,Production,3103,Nutrient phosphate P2O5 (total),1981,1981,t,2593600,A,Official figure,
RFN,Fertilizers by Nutrient,159,China,5610,Import quantity,3103,Nutrient phosphate P2O5 (total),1981,1981,t,361500,X,Figure from external organization,
RFN,Fertilizers by Nutrient,159,China,5157,Agricultural Use,3103,Nutrient phosphate P2O5 (total),1981,1981,t,2931300,X,Figure from external organization,
RFN,Fertilizers by Nutrient,159,China,5159,Use per area of cropland,3103,Nutrient phosphate P2O5 (total),1981,1981,kg/ha,29.05,E,Estimated value,
RFN,Fertilizers by Nutrient,159,China,5172,Use per capita,3103,Nutrient phosphate P2O5 (total),1981,1981,kg/cap,2.87,E,Estimated value,
RFN,Fertilizers by Nutrient,159,China,5173,Use per value of agricultural production,3103,Nutrient phosphate P2O5 (total),1981,1981,g/Int$,13.57,E,Estimated value,
RFN,Fertilizers by Nutrient,159,China,5510,Production,3103,Nutrient phosphate P2O5 (total),1982,1982,t,2888100,A,Official figure,
RFN,Fertilizers by Nutrient,159,China,5610,Import quantity,3103,Nutrient phosphate P2O5 (total),1982,1982,t,588000,X,Figure from external organization,
RFN,Fertilizers by Nutrient,159,China,5157,Agricultural Use,3103,Nutrient phosphate P2O5 (total),1982,1982,t,3478500,X,Figure from external organization,
RFN,Fertilizers by Nutrient,159,China,5159,Use per area of cropland,3103,Nutrient phosphate P2O5 (total),1982,1982,kg/ha,32.85,E,Estimated value,
RFN,Fertilizers by Nutrient,159,China,5172,Use per capita,3103,Nutrient phosphate P2O5 (total),1982,1982,kg/cap,3.35,E,Estimated value,
RFN,Fertilizers by Nutrient,159,China,5173,Use per value of agricultural production,3103,Nutrient phosphate P2O5 (total),1982,1982,g/Int$,14.79,E,Estimated value,
RFN,Fertilizers by Nutrient,159,China,5510,Production,3103,Nutrient phosphate P2O5 (total),1983,1983,t,3023200,A,Official figure,
RFN,Fertilizers by Nutrient,159,China,5610,Import quantity,3103,Nutrient phosphate P2O5 (total),1983,1983,t,1036100,X,Figure from external organization,
RFN,Fertilizers by Nutrient,159,China,5157,Agricultural Use,3103,Nutrient phosphate P2O5 (total),1983,1983,t,4054100,X,Figure from external organization,
RFN,Fertilizers by Nutrient,159,China,5159,Use per area of cropland,3103,Nutrient phosphate P2O5 (total),1983,1983,kg/ha,36.29,E,Estimated value,
RFN,Fertilizers by Nutrient,159,China,5172,Use per capita,3103,Nutrient phosphate P2O5 (total),1983,1983,kg/cap,3.85,E,Estimated value,
RFN,Fertilizers by Nutrient,159,China,5173,Use per value of agricultural production,3103,Nutrient phosphate P2O5 (total),1983,1983,g/Int$,16.11,E,Estimated value,
RFN,Fertilizers by Nutrient,159,China,5510,Production,3103,Nutrient phosphate P2O5 (total),1984,1984,t,2730900,A,Official figure,
RFN,Fertilizers by Nutrient,159,China,5610,Import quantity,3103,Nutrient phosphate P2O5 (total),1984,1984,t,1348500,X,Figure from external organization,
RFN,Fertilizers by Nutrient,159,China,5157,Agricultural Use,3103,Nutrient phosphate P2O5 (total),1984,1984,t,4075200,X,Figure from external organization,
RFN,Fertilizers by Nutrient,159,China,5159,Use per area of cropland,3103,Nutrient phosphate P2O5 (total),1984,1984,kg/ha,34.33,E,Estimated value,
RFN,Fertilizers by Nutrient,159,China,5172,Use per capita,3103,Nutrient phosphate P2O5 (total),1984,1984,kg/cap,3.81,E,Estimated value,
RFN,Fertilizers by Nutrient,159,China,5173,Use per value of agricultural production,3103,Nutrient phosphate P2O5 (total),1984,1984,g/Int$,14.96,E,Estimated value,
RFN,Fertilizers by Nutrient,159,China,5510,Production,3103,Nutrient phosphate P2O5 (total),1985,1985,t,2115200,A,Official figure,
RFN,Fertilizers by Nutrient,159,China,5610,Import quantity,3103,Nutrient phosphate P2O5 (total),1985,1985,t,953000,X,Figure from external organization,
RFN,Fertilizers by Nutrient,159,China,5910,Export quantity,3103,Nutrient phosphate P2O5 (total),1985,1985,t,12300,X,Figure from external organization,
RFN,Fertilizers by Nutrient,159,China,5157,Agricultural Use,3103,Nutrient phosphate P2O5 (total),1985,1985,t,3003800,X,Figure from external organization,
RFN,Fertilizers by Nutrient,159,China,5159,Use per area of cropland,3103,Nutrient phosphate P2O5 (total),1985,1985,kg/ha,23.86,E,Estimated value,
RFN,Fertilizers by Nutrient,159,China,5172,Use per capita,3103,Nutrient phosphate P2O5 (total),1985,1985,kg/cap,2.77,E,Estimated value,
RFN,Fertilizers by Nutrient,159,China,5173,Use per value of agricultural production,3103,Nutrient phosphate P2O5 (total),1985,1985,g/Int$,11.06,E,Estimated value,
RFN,Fertilizers by Nutrient,159,China,5510,Production,3103,Nutrient phosphate P2O5 (total),1986,1986,t,2410800,A,Official figure,
RFN,Fertilizers by Nutrient,159,China,5610,Import quantity,3103,Nutrient phosphate P2O5 (total),1986,1986,t,660000,X,Figure from external organization,
RFN,Fertilizers by Nutrient,159,China,5910,Export quantity,3103,Nutrient phosphate P2O5 (total),1986,1986,t,14800,X,Figure from external organization,
RFN,Fertilizers by Nutrient,159,China,5157,Agricultural Use,3103,Nutrient phosphate P2O5 (total),1986,1986,t,3025700,X,Figure from external organization,
RFN,Fertilizers by Nutrient,159,China,5159,Use per area of cropland,3103,Nutrient phosphate P2O5 (total),1986,1986,kg/ha,23.75,E,Estimated value,
RFN,Fertilizers by Nutrient,159,China,5172,Use per capita,3103,Nutrient phosphate P2O5 (total),1986,1986,kg/cap,2.74,E,Estimated value,
RFN,Fertilizers by Nutrient,159,China,5173,Use per value of agricultural production,3103,Nutrient phosphate P2O5 (total),1986,1986,g/Int$,10.85,E,Estimated value,
RFN,Fertilizers by Nutrient,159,China,5510,Production,3103,Nutrient phosphate P2O5 (total),1987,1987,t,3340600,A,Official figure,
RFN,Fertilizers by Nutrient,159,China,5610,Import quantity,3103,Nutrient phosphate P2O5 (total),1987,1987,t,1229900,A,Official figure,
RFN,Fertilizers by Nutrient,159,China,5910,Export quantity,3103,Nutrient phosphate P2O5 (total),1987,1987,t,33201,A,Official figure,
RFN,Fertilizers by Nutrient,159,China,5157,Agricultural Use,3103,Nutrient phosphate P2O5 (total),1987,1987,t,4489016,A,Official figure,
RFN,Fertilizers by Nutrient,159,China,5159,Use per area of cropland,3103,Nutrient phosphate P2O5 (total),1987,1987,kg/ha,35.04,E,Estimated value,
RFN,Fertilizers by Nutrient,159,China,5172,Use per capita,3103,Nutrient phosphate P2O5 (total),1987,1987,kg/cap,4,E,Estimated value,
RFN,Fertilizers by Nutrient,159,China,5173,Use per value of agricultural production,3103,Nutrient phosphate P2O5 (total),1987,1987,g/Int$,15.16,E,Estimated value,
RFN,Fertilizers by Nutrient,159,China,5510,Production,3103,Nutrient phosphate P2O5 (total),1988,1988,t,3766200,A,Official figure,
RFN,Fertilizers by Nutrient,159,China,5610,Import quantity,3103,Nutrient phosphate P2O5 (total),1988,1988,t,1446600,A,Official figure,
RFN,Fertilizers by Nutrient,159,China,5910,Export quantity,3103,Nutrient phosphate P2O5 (total),1988,1988,t,43900,A,Official figure,
RFN,Fertilizers by Nutrient,159,China,5157,Agricultural Use,3103,Nutrient phosphate P2O5 (total),1988,1988,t,5162200,A,Official figure,
RFN,Fertilizers by Nutrient,159,China,5159,Use per area of cropland,3103,Nutrient phosphate P2O5 (total),1988,1988,kg/ha,39.99,E,Estimated value,
RFN,Fertilizers by Nutrient,159,China,5172,Use per capita,3103,Nutrient phosphate P2O5 (total),1988,1988,kg/cap,4.52,E,Estimated value,
RFN,Fertilizers by Nutrient,159,China,5173,Use per value of agricultural production,3103,Nutrient phosphate P2O5 (total),1988,1988,g/Int$,17.01,E,Estimated value,
RFN,Fertilizers by Nutrient,159,China,5510,Production,3103,Nutrient phosphate P2O5 (total),1989,1989,t,3807700,A,Official figure,
RFN,Fertilizers by Nutrient,159,China,5610,Import quantity,3103,Nutrient phosphate P2O5 (total),1989,1989,t,1476800,X,Figure from external organization,
RFN,Fertilizers by Nutrient,159,China,5910,Export quantity,3103,Nutrient phosphate P2O5 (total),1989,1989,t,12700,X,Figure from external organization,
RFN,Fertilizers by Nutrient,159,China,5157,Agricultural Use,3103,Nutrient phosphate P2O5 (total),1989,1989,t,5272100,X,Figure from external organization,
RFN,Fertilizers by Nutrient,159,China,5159,Use per area of cropland,3103,Nutrient phosphate P2O5 (total),1989,1989,kg/ha,40.37,E,Estimated value,
RFN,Fertilizers by Nutrient,159,China,5172,Use per capita,3103,Nutrient phosphate P2O5 (total),1989,1989,kg/cap,4.54,E,Estimated value,
RFN,Fertilizers by Nutrient,159,China,5173,Use per value of agricultural production,3103,Nutrient phosphate P2O5 (total),1989,1989,g/Int$,16.86,E,Estimated value,
RFN,Fertilizers by Nutrient,159,China,5510,Production,3103,Nutrient phosphate P2O5 (total),1990,1990,t,4196000,A,Official figure,
RFN,Fertilizers by Nutrient,159,China,5610,Import quantity,3103,Nutrient phosphate P2O5 (total),1990,1990,t,1668800,E,Estimated value,
RFN,Fertilizers by Nutrient,159,China,5910,Export quantity,3103,Nutrient phosphate P2O5 (total),1990,1990,t,13000,E,Estimated value,
RFN,Fertilizers by Nutrient,159,China,5157,Agricultural Use,3103,Nutrient phosphate P2O5 (total),1990,1990,t,5852800,X,Figure from external organization,
RFN,Fertilizers by Nutrient,159,China,5159,Use per area of cropland,3103,Nutrient phosphate P2O5 (total),1990,1990,kg/ha,44.27,E,Estimated value,
RFN,Fertilizers by Nutrient,159,China,5172,Use per capita,3103,Nutrient phosphate P2O5 (total),1990,1990,kg/cap,4.96,E,Estimated value,
RFN,Fertilizers by Nutrient,159,China,5173,Use per value of agricultural production,3103,Nutrient phosphate P2O5 (total),1990,1990,g/Int$,17.44,E,Estimated value,
RFN,Fertilizers by Nutrient,159,China,5510,Production,3103,Nutrient phosphate P2O5 (total),1991,1991,t,4641400,X,Figure from external organization,
RFN,Fertilizers by Nutrient,159,China,5610,Import quantity,3103,Nutrient phosphate P2O5 (total),1991,1991,t,2700000,E,Estimated value,
RFN,Fertilizers by Nutrient,159,China,5910,Export quantity,3103,Nutrient phosphate P2O5 (total),1991,1991,t,57700,E,Estimated value,
RFN,Fertilizers by Nutrient,159,China,5157,Agricultural Use,3103,Nutrient phosphate P2O5 (total),1991,1991,t,7284300,X,Figure from external organization,
RFN,Fertilizers by Nutrient,159,China,5159,Use per area of cropland,3103,Nutrient phosphate P2O5 (total),1991,1991,kg/ha,54.66,E,Estimated value,
RFN,Fertilizers by Nutrient,159,China,5172,Use per capita,3103,Nutrient phosphate P2O5 (total),1991,1991,kg/cap,6.08,E,Estimated value,
RFN,Fertilizers by Nutrient,159,China,5173,Use per value of agricultural production,3103,Nutrient phosphate P2O5 (total),1991,1991,g/Int$,20.62,E,Estimated value,
RFN,Fertilizers by Nutrient,159,China,5510,Production,3103,Nutrient phosphate P2O5 (total),1992,1992,t,4700000,A,Official figure,
RFN,Fertilizers by Nutrient,159,China,5610,Import quantity,3103,Nutrient phosphate P2O5 (total),1992,1992,t,2263000,E,Estimated value,
RFN,Fertilizers by Nutrient,159,China,5910,Export quantity,3103,Nutrient phosphate P2O5 (total),1992,1992,t,40000,E,Estimated value,
RFN,Fertilizers by Nutrient,159,China,5157,Agricultural Use,3103,Nutrient phosphate P2O5 (total),1992,1992,t,6921000,A,Official figure,
RFN,Fertilizers by Nutrient,159,China,5159,Use per area of cropland,3103,Nutrient phosphate P2O5 (total),1992,1992,kg/ha,52.6,E,Estimated value,
RFN,Fertilizers by Nutrient,159,China,5172,Use per capita,3103,Nutrient phosphate P2O5 (total),1992,1992,kg/cap,5.71,E,Estimated value,
RFN,Fertilizers by Nutrient,159,China,5173,Use per value of agricultural production,3103,Nutrient phosphate P2O5 (total),1992,1992,g/Int$,18.67,E,Estimated value,
RFN,Fertilizers by Nutrient,159,China,5510,Production,3103,Nutrient phosphate P2O5 (total),1993,1993,t,4240300,A,Official figure,
RFN,Fertilizers by Nutrient,159,China,5610,Import quantity,3103,Nutrient phosphate P2O5 (total),1993,1993,t,1555274.34,E,Estimated value,
RFN,Fertilizers by Nutrient,159,China,5910,Export quantity,3103,Nutrient phosphate P2O5 (total),1993,1993,t,97127.52,E,Estimated value,
RFN,Fertilizers by Nutrient,159,China,5157,Agricultural Use,3103,Nutrient phosphate P2O5 (total),1993,1993,t,5544700,A,Official figure,
RFN,Fertilizers by Nutrient,159,China,5159,Use per area of cropland,3103,Nutrient phosphate P2O5 (total),1993,1993,kg/ha,42.36,E,Estimated value,
RFN,Fertilizers by Nutrient,159,China,5172,Use per capita,3103,Nutrient phosphate P2O5 (total),1993,1993,kg/cap,4.53,E,Estimated value,
RFN,Fertilizers by Nutrient,159,China,5173,Use per value of agricultural production,3103,Nutrient phosphate P2O5 (total),1993,1993,g/Int$,13.84,E,Estimated value,
RFN,Fertilizers by Nutrient,159,China,5510,Production,3103,Nutrient phosphate P2O5 (total),1994,1994,t,4946000,X,Figure from external organization,
RFN,Fertilizers by Nutrient,159,China,5610,Import quantity,3103,Nutrient phosphate P2O5 (total),1994,1994,t,2485862.04,E,Estimated value,
RFN,Fertilizers by Nutrient,159,China,5910,Export quantity,3103,Nutrient phosphate P2O5 (total),1994,1994,t,102223.31,E,Estimated value,
RFN,Fertilizers by Nutrient,159,China,5157,Agricultural Use,3103,Nutrient phosphate P2O5 (total),1994,1994,t,7329000,X,Figure from external organization,
RFN,Fertilizers by Nutrient,159,China,5159,Use per area of cropland,3103,Nutrient phosphate P2O5 (total),1994,1994,kg/ha,56,E,Estimated value,
RFN,Fertilizers by Nutrient,159,China,5172,Use per capita,3103,Nutrient phosphate P2O5 (total),1994,1994,kg/cap,5.93,E,Estimated value,
RFN,Fertilizers by Nutrient,159,China,5173,Use per value of agricultural production,3103,Nutrient phosphate P2O5 (total),1994,1994,g/Int$,17.41,E,Estimated value,
RFN,Fertilizers by Nutrient,159,China,5510,Production,3103,Nutrient phosphate P2O5 (total),1995,1995,t,6091300,X,Figure from external organization,
RFN,Fertilizers by Nutrient,159,China,5610,Import quantity,3103,Nutrient phosphate P2O5 (total),1995,1995,t,2936625.72,E,Estimated value,
RFN,Fertilizers by Nutrient,159,China,5910,Export quantity,3103,Nutrient phosphate P2O5 (total),1995,1995,t,114050.59,E,Estimated value,
RFN,Fertilizers by Nutrient,159,China,5157,Agricultural Use,3103,Nutrient phosphate P2O5 (total),1995,1995,t,8911700,X,Figure from external organization,
RFN,Fertilizers by Nutrient,159,China,5159,Use per area of cropland,3103,Nutrient phosphate P2O5 (total),1995,1995,kg/ha,68.09,E,Estimated value,
RFN,Fertilizers by Nutrient,159,China,5172,Use per capita,3103,Nutrient phosphate P2O5 (total),1995,1995,kg/cap,7.14,E,Estimated value,
RFN,Fertilizers by Nutrient,159,China,5173,Use per value of agricultural production,3103,Nutrient phosphate P2O5 (total),1995,1995,g/Int$,19.35,E,Estimated value,
RFN,Fertilizers by Nutrient,159,China,5510,Production,3103,Nutrient phosphate P2O5 (total),1996,1996,t,5822000,X,Figure from external organization,
RFN,Fertilizers by Nutrient,159,China,5610,Import quantity,3103,Nutrient phosphate P2O5 (total),1996,1996,t,2482688.28,E,Estimated value,
RFN,Fertilizers by Nutrient,159,China,5910,Export quantity,3103,Nutrient phosphate P2O5 (total),1996,1996,t,174071.71,E,Estimated value,
RFN,Fertilizers by Nutrient,159,China,5157,Agricultural Use,3103,Nutrient phosphate P2O5 (total),1996,1996,t,8118000,X,Figure from external organization,
RFN,Fertilizers by Nutrient,159,China,5159,Use per area of cropland,3103,Nutrient phosphate P2O5 (total),1996,1996,kg/ha,62.01,E,Estimated value,
RFN,Fertilizers by Nutrient,159,China,5172,Use per capita,3103,Nutrient phosphate P2O5 (total),1996,1996,kg/cap,6.45,E,Estimated value,
RFN,Fertilizers by Nutrient,159,China,5173,Use per value of agricultural production,3103,Nutrient phosphate P2O5 (total),1996,1996,g/Int$,16.85,E,Estimated value,
RFN,Fertilizers by Nutrient,159,China,5510,Production,3103,Nutrient phosphate P2O5 (total),1997,1997,t,6419000,X,Figure from external organization,
RFN,Fertilizers by Nutrient,159,China,5610,Import quantity,3103,Nutrient phosphate P2O5 (total),1997,1997,t,3013201.91,E,Estimated value,
RFN,Fertilizers by Nutrient,159,China,5910,Export quantity,3103,Nutrient phosphate P2O5 (total),1997,1997,t,135144.1,E,Estimated value,
RFN,Fertilizers by Nutrient,159,China,5157,Agricultural Use,3103,Nutrient phosphate P2O5 (total),1997,1997,t,9277000,X,Figure from external organization,
RFN,Fertilizers by Nutrient,159,China,5159,Use per area of cropland,3103,Nutrient phosphate P2O5 (total),1997,1997,kg/ha,70.87,E,Estimated value,
RFN,Fertilizers by Nutrient,159,China,5172,Use per capita,3103,Nutrient phosphate P2O5 (total),1997,1997,kg/cap,7.31,E,Estimated value,
RFN,Fertilizers by Nutrient,159,China,5173,Use per value of agricultural production,3103,Nutrient phosphate P2O5 (total),1997,1997,g/Int$,18.44,E,Estimated value,
RFN,Fertilizers by Nutrient,159,China,5510,Production,3103,Nutrient phosphate P2O5 (total),1998,1998,t,6713000,X,Figure from external organization,
RFN,Fertilizers by Nutrient,159,China,5610,Import quantity,3103,Nutrient phosphate P2O5 (total),1998,1998,t,2892599.76,E,Estimated value,
RFN,Fertilizers by Nutrient,159,China,5910,Export quantity,3103,Nutrient phosphate P2O5 (total),1998,1998,t,148039.92,E,Estimated value,
RFN,Fertilizers by Nutrient,159,China,5157,Agricultural Use,3103,Nutrient phosphate P2O5 (total),1998,1998,t,9457000,X,Figure from external organization,
RFN,Fertilizers by Nutrient,159,China,5159,Use per area of cropland,3103,Nutrient phosphate P2O5 (total),1998,1998,kg/ha,72.24,E,Estimated value,
RFN,Fertilizers by Nutrient,159,China,5172,Use per capita,3103,Nutrient phosphate P2O5 (total),1998,1998,kg/cap,7.39,E,Estimated value,
RFN,Fertilizers by Nutrient,159,China,5173,Use per value of agricultural production,3103,Nutrient phosphate P2O5 (total),1998,1998,g/Int$,17.98,E,Estimated value,
RFN,Fertilizers by Nutrient,159,China,5510,Production,3103,Nutrient phosphate P2O5 (total),1999,1999,t,6430000,A,Official figure,
RFN,Fertilizers by Nutrient,159,China,5610,Import quantity,3103,Nutrient phosphate P2O5 (total),1999,1999,t,2700535.25,E,Estimated value,
RFN,Fertilizers by Nutrient,159,China,5910,Export quantity,3103,Nutrient phosphate P2O5 (total),1999,1999,t,211100.89,E,Estimated value,
RFN,Fertilizers by Nutrient,159,China,5157,Agricultural Use,3103,Nutrient phosphate P2O5 (total),1999,1999,t,8907000,X,Figure from external organization,
RFN,Fertilizers by Nutrient,159,China,5159,Use per area of cropland,3103,Nutrient phosphate P2O5 (total),1999,1999,kg/ha,68.04,E,Estimated value,
RFN,Fertilizers by Nutrient,159,China,5172,Use per capita,3103,Nutrient phosphate P2O5 (total),1999,1999,kg/cap,6.91,E,Estimated value,
RFN,Fertilizers by Nutrient,159,China,5173,Use per value of agricultural production,3103,Nutrient phosphate P2O5 (total),1999,1999,g/Int$,16.25,E,Estimated value,
RFN,Fertilizers by Nutrient,159,China,5510,Production,3103,Nutrient phosphate P2O5 (total),2000,2000,t,6687000,X,Figure from external organization,
RFN,Fertilizers by Nutrient,159,China,5610,Import quantity,3103,Nutrient phosphate P2O5 (total),2000,2000,t,2230861.2,E,Estimated value,
RFN,Fertilizers by Nutrient,159,China,5910,Export quantity,3103,Nutrient phosphate P2O5 (total),2000,2000,t,289286.47,E,Estimated value,
RFN,Fertilizers by Nutrient,159,China,5157,Agricultural Use,3103,Nutrient phosphate P2O5 (total),2000,2000,t,8609700,X,Figure from external organization,
RFN,Fertilizers by Nutrient,159,China,5159,Use per area of cropland,3103,Nutrient phosphate P2O5 (total),2000,2000,kg/ha,65.77,E,Estimated value,
RFN,Fertilizers by Nutrient,159,China,5172,Use per capita,3103,Nutrient phosphate P2O5 (total),2000,2000,kg/cap,6.63,E,Estimated value,
RFN,Fertilizers by Nutrient,159,China,5173,Use per value of agricultural production,3103,Nutrient phosphate P2O5 (total),2000,2000,g/Int$,15.02,E,Estimated value,
RFN,Fertilizers by Nutrient,159,China,5510,Production,3103,Nutrient phosphate P2O5 (total),2001,2001,t,7451462,X,Figure from external organization,
RFN,Fertilizers by Nutrient,159,China,5610,Import quantity,3103,Nutrient phosphate P2O5 (total),2001,2001,t,1804458.26,E,Estimated value,
RFN,Fertilizers by Nutrient,159,China,5910,Export quantity,3103,Nutrient phosphate P2O5 (total),2001,2001,t,392487.38,E,Estimated value,
RFN,Fertilizers by Nutrient,159,China,5157,Agricultural Use,3103,Nutrient phosphate P2O5 (total),2001,2001,t,8886577,X,Figure from external organization,
RFN,Fertilizers by Nutrient,159,China,5159,Use per area of cropland,3103,Nutrient phosphate P2O5 (total),2001,2001,kg/ha,67.58,E,Estimated value,
RFN,Fertilizers by Nutrient,159,China,5172,Use per capita,3103,Nutrient phosphate P2O5 (total),2001,2001,kg/cap,6.79,E,Estimated value,
RFN,Fertilizers by Nutrient,159,China,5173,Use per value of agricultural production,3103,Nutrient phosphate P2O5 (total),2001,2001,g/Int$,15.2,E,Estimated value,
RFN,Fertilizers by Nutrient,159,China,5510,Production,3103,Nutrient phosphate P2O5 (total),2002,2002,t,8105327,E,Estimated value,
RFN,Fertilizers by Nutrient,159,China,5610,Import quantity,3103,Nutrient phosphate P2O5 (total),2002,2002,t,2767607.74,E,Estimated value,
RFN,Fertilizers by Nutrient,159,China,5910,Export quantity,3103,Nutrient phosphate P2O5 (total),2002,2002,t,564447.9,E,Estimated value,
RFN,Fertilizers by Nutrient,159,China,5157,Agricultural Use,3103,Nutrient phosphate P2O5 (total),2002,2002,t,10387330,E,Estimated value,
RFN,Fertilizers by Nutrient,159,China,5159,Use per area of cropland,3103,Nutrient phosphate P2O5 (total),2002,2002,kg/ha,78.64,E,Estimated value,
RFN,Fertilizers by Nutrient,159,China,5172,Use per capita,3103,Nutrient phosphate P2O5 (total),2002,2002,kg/cap,7.89,E,Estimated value,
RFN,Fertilizers by Nutrient,159,China,5173,Use per value of agricultural production,3103,Nutrient phosphate P2O5 (total),2002,2002,g/Int$,17.11,E,Estimated value,
RFN,Fertilizers by Nutrient,159,China,5510,Production,3103,Nutrient phosphate P2O5 (total),2003,2003,t,8848125,E,Estimated value,
RFN,Fertilizers by Nutrient,159,China,5610,Import quantity,3103,Nutrient phosphate P2O5 (total),2003,2003,t,1613230.05,E,Estimated value,
RFN,Fertilizers by Nutrient,159,China,5910,Export quantity,3103,Nutrient phosphate P2O5 (total),2003,2003,t,748505.97,E,Estimated value,
RFN,Fertilizers by Nutrient,159,China,5157,Agricultural Use,3103,Nutrient phosphate P2O5 (total),2003,2003,t,9808142,E,Estimated value,
RFN,Fertilizers by Nutrient,159,China,5159,Use per area of cropland,3103,Nutrient phosphate P2O5 (total),2003,2003,kg/ha,73.93,E,Estimated value,
RFN,Fertilizers by Nutrient,159,China,5172,Use per capita,3103,Nutrient phosphate P2O5 (total),2003,2003,kg/cap,7.41,E,Estimated value,
RFN,Fertilizers by Nutrient,159,China,5173,Use per value of agricultural production,3103,Nutrient phosphate P2O5 (total),2003,2003,g/Int$,15.96,E,Estimated value,
RFN,Fertilizers by Nutrient,159,China,5510,Production,3103,Nutrient phosphate P2O5 (total),2004,2004,t,10242125,E,Estimated value,
RFN,Fertilizers by Nutrient,159,China,5610,Import quantity,3103,Nutrient phosphate P2O5 (total),2004,2004,t,1479358.25,E,Estimated value,
RFN,Fertilizers by Nutrient,159,China,5910,Export quantity,3103,Nutrient phosphate P2O5 (total),2004,2004,t,929442.39,E,Estimated value,
RFN,Fertilizers by Nutrient,159,China,5157,Agricultural Use,3103,Nutrient phosphate P2O5 (total),2004,2004,t,10881287,E,Estimated value,
RFN,Fertilizers by Nutrient,159,China,5159,Use per area of cropland,3103,Nutrient phosphate P2O5 (total),2004,2004,kg/ha,81.66,E,Estimated value,
RFN,Fertilizers by Nutrient,159,China,5172,Use per capita,3103,Nutrient phosphate P2O5 (total),2004,2004,kg/cap,8.17,E,Estimated value,
RFN,Fertilizers by Nutrient,159,China,5173,Use per value of agricultural production,3103,Nutrient phosphate P2O5 (total),2004,2004,g/Int$,16.75,E,Estimated value,
RFN,Fertilizers by Nutrient,159,China,5510,Production,3103,Nutrient phosphate P2O5 (total),2005,2005,t,11158112,E,Estimated value,
RFN,Fertilizers by Nutrient,159,China,5610,Import quantity,3103,Nutrient phosphate P2O5 (total),2005,2005,t,1280304.44,E,Estimated value,
RFN,Fertilizers by Nutrient,159,China,5910,Export quantity,3103,Nutrient phosphate P2O5 (total),2005,2005,t,885023.07,E,Estimated value,
RFN,Fertilizers by Nutrient,159,China,5157,Agricultural Use,3103,Nutrient phosphate P2O5 (total),2005,2005,t,11638298,E,Estimated value,
RFN,Fertilizers by Nutrient,159,China,5159,Use per area of cropland,3103,Nutrient phosphate P2O5 (total),2005,2005,kg/ha,86.95,E,Estimated value,
RFN,Fertilizers by Nutrient,159,China,5172,Use per capita,3103,Nutrient phosphate P2O5 (total),2005,2005,kg/cap,8.68,E,Estimated value,
RFN,Fertilizers by Nutrient,159,China,5173,Use per value of agricultural production,3103,Nutrient phosphate P2O5 (total),2005,2005,g/Int$,17.29,E,Estimated value,
RFN,Fertilizers by Nutrient,159,China,5510,Production,3103,Nutrient phosphate P2O5 (total),2006,2006,t,12035952,E,Estimated value,
RFN,Fertilizers by Nutrient,159,China,5610,Import quantity,3103,Nutrient phosphate P2O5 (total),2006,2006,t,1001714.82,E,Estimated value,
RFN,Fertilizers by Nutrient,159,China,5910,Export quantity,3103,Nutrient phosphate P2O5 (total),2006,2006,t,1071768.33,E,Estimated value,
RFN,Fertilizers by Nutrient,159,China,5157,Agricultural Use,3103,Nutrient phosphate P2O5 (total),2006,2006,t,12068491,E,Estimated value,
RFN,Fertilizers by Nutrient,159,China,5159,Use per area of cropland,3103,Nutrient phosphate P2O5 (total),2006,2006,kg/ha,89.77,E,Estimated value,
RFN,Fertilizers by Nutrient,159,China,5172,Use per capita,3103,Nutrient phosphate P2O5 (total),2006,2006,kg/cap,8.95,E,Estimated value,
RFN,Fertilizers by Nutrient,159,China,5173,Use per value of agricultural production,3103,Nutrient phosphate P2O5 (total),2006,2006,g/Int$,17.48,E,Estimated value,
RFN,Fertilizers by Nutrient,159,China,5510,Production,3103,Nutrient phosphate P2O5 (total),2007,2007,t,12657993,A,Official figure,
RFN,Fertilizers by Nutrient,159,China,5610,Import quantity,3103,Nutrient phosphate P2O5 (total),2007,2007,t,484778.45,E,Estimated value,
RFN,Fertilizers by Nutrient,159,China,5910,Export quantity,3103,Nutrient phosphate P2O5 (total),2007,2007,t,2742441.53,E,Estimated value,
RFN,Fertilizers by Nutrient,159,China,5157,Agricultural Use,3103,Nutrient phosphate P2O5 (total),2007,2007,t,10447072,E,Estimated value,
RFN,Fertilizers by Nutrient,159,China,5159,Use per area of cropland,3103,Nutrient phosphate P2O5 (total),2007,2007,kg/ha,77.37,E,Estimated value,
RFN,Fertilizers by Nutrient,159,China,5172,Use per capita,3103,Nutrient phosphate P2O5 (total),2007,2007,kg/cap,7.7,E,Estimated value,
RFN,Fertilizers by Nutrient,159,China,5173,Use per value of agricultural production,3103,Nutrient phosphate P2O5 (total),2007,2007,g/Int$,14.77,E,Estimated value,
RFN,Fertilizers by Nutrient,159,China,5510,Production,3103,Nutrient phosphate P2O5 (total),2008,2008,t,12262623,A,Official figure,
RFN,Fertilizers by Nutrient,159,China,5610,Import quantity,3103,Nutrient phosphate P2O5 (total),2008,2008,t,155608.99,E,Estimated value,
RFN,Fertilizers by Nutrient,159,China,5910,Export quantity,3103,Nutrient phosphate P2O5 (total),2008,2008,t,1563425.05,E,Estimated value,
RFN,Fertilizers by Nutrient,159,China,5157,Agricultural Use,3103,Nutrient phosphate P2O5 (total),2008,2008,t,10861318,E,Estimated value,
RFN,Fertilizers by Nutrient,159,China,5159,Use per area of cropland,3103,Nutrient phosphate P2O5 (total),2008,2008,kg/ha,80.09,E,Estimated value,
RFN,Fertilizers by Nutrient,159,China,5172,Use per capita,3103,Nutrient phosphate P2O5 (total),2008,2008,kg/cap,7.96,E,Estimated value,
RFN,Fertilizers by Nutrient,159,China,5173,Use per value of agricultural production,3103,Nutrient phosphate P2O5 (total),2008,2008,g/Int$,14.52,E,Estimated value,
RFN,Fertilizers by Nutrient,159,China,5510,Production,3103,Nutrient phosphate P2O5 (total),2009,2009,t,14234858,A,Official figure,
RFN,Fertilizers by Nutrient,159,China,5610,Import quantity,3103,Nutrient phosphate P2O5 (total),2009,2009,t,438240.58,E,Estimated value,
RFN,Fertilizers by Nutrient,159,China,5910,Export quantity,3103,Nutrient phosphate P2O5 (total),2009,2009,t,1779137.58,E,Estimated value,
RFN,Fertilizers by Nutrient,159,China,5157,Agricultural Use,3103,Nutrient phosphate P2O5 (total),2009,2009,t,12929234,E,Estimated value,
RFN,Fertilizers by Nutrient,159,China,5159,Use per area of cropland,3103,Nutrient phosphate P2O5 (total),2009,2009,kg/ha,94.93,E,Estimated value,
RFN,Fertilizers by Nutrient,159,China,5172,Use per capita,3103,Nutrient phosphate P2O5 (total),2009,2009,kg/cap,9.41,E,Estimated value,
RFN,Fertilizers by Nutrient,159,China,5173,Use per value of agricultural production,3103,Nutrient phosphate P2O5 (total),2009,2009,g/Int$,16.87,E,Estimated value,
RFN,Fertilizers by Nutrient,159,China,5510,Production,3103,Nutrient phosphate P2O5 (total),2010,2010,t,17107586.96,E,Estimated value,
RFN,Fertilizers by Nutrient,159,China,5610,Import quantity,3103,Nutrient phosphate P2O5 (total),2010,2010,t,423659.76,E,Estimated value,
RFN,Fertilizers by Nutrient,159,China,5910,Export quantity,3103,Nutrient phosphate P2O5 (total),2010,2010,t,3163238.71,E,Estimated value,
RFN,Fertilizers by Nutrient,159,China,5157,Agricultural Use,3103,Nutrient phosphate P2O5 (total),2010,2010,t,14393257,E,Estimated value,
RFN,Fertilizers by Nutrient,159,China,5159,Use per area of cropland,3103,Nutrient phosphate P2O5 (total),2010,2010,kg/ha,106.26,E,Estimated value,
RFN,Fertilizers by Nutrient,159,China,5172,Use per capita,3103,Nutrient phosphate P2O5 (total),2010,2010,kg/cap,10.41,E,Estimated value,
RFN,Fertilizers by Nutrient,159,China,5173,Use per value of agricultural production,3103,Nutrient phosphate P2O5 (total),2010,2010,g/Int$,18.26,E,Estimated value,
RFN,Fertilizers by Nutrient,159,China,5510,Production,3103,Nutrient phosphate P2O5 (total),2011,2011,t,17745066.04,E,Estimated value,
RFN,Fertilizers by Nutrient,159,China,5610,Import quantity,3103,Nutrient phosphate P2O5 (total),2011,2011,t,257610.84,E,Estimated value,
RFN,Fertilizers by Nutrient,159,China,5910,Export quantity,3103,Nutrient phosphate P2O5 (total),2011,2011,t,4230948.97,E,Estimated value,
RFN,Fertilizers by Nutrient,159,China,5157,Agricultural Use,3103,Nutrient phosphate P2O5 (total),2011,2011,t,13805685,E,Estimated value,
RFN,Fertilizers by Nutrient,159,China,5159,Use per area of cropland,3103,Nutrient phosphate P2O5 (total),2011,2011,kg/ha,102.5,E,Estimated value,
RFN,Fertilizers by Nutrient,159,China,5172,Use per capita,3103,Nutrient phosphate P2O5 (total),2011,2011,kg/cap,9.92,E,Estimated value,
RFN,Fertilizers by Nutrient,159,China,5173,Use per value of agricultural production,3103,Nutrient phosphate P2O5 (total),2011,2011,g/Int$,16.88,E,Estimated value,
RFN,Fertilizers by Nutrient,159,China,5510,Production,3103,Nutrient phosphate P2O5 (total),2012,2012,t,16636784.36,E,Estimated value,
RFN,Fertilizers by Nutrient,159,China,5610,Import quantity,3103,Nutrient phosphate P2O5 (total),2012,2012,t,338394.04,E,Estimated value,
RFN,Fertilizers by Nutrient,159,China,5910,Export quantity,3103,Nutrient phosphate P2O5 (total),2012,2012,t,3073034.16,E,Estimated value,
RFN,Fertilizers by Nutrient,159,China,5157,Agricultural Use,3103,Nutrient phosphate P2O5 (total),2012,2012,t,13940114,E,Estimated value,
RFN,Fertilizers by Nutrient,159,China,5159,Use per area of cropland,3103,Nutrient phosphate P2O5 (total),2012,2012,kg/ha,104.08,E,Estimated value,
RFN,Fertilizers by Nutrient,159,China,5172,Use per capita,3103,Nutrient phosphate P2O5 (total),2012,2012,kg/cap,9.95,E,Estimated value,
RFN,Fertilizers by Nutrient,159,China,5173,Use per value of agricultural production,3103,Nutrient phosphate P2O5 (total),2012,2012,g/Int$,16.53,E,Estimated value,
RFN,Fertilizers by Nutrient,159,China,5510,Production,3103,Nutrient phosphate P2O5 (total),2013,2013,t,16390328.96,E,Estimated value,
RFN,Fertilizers by Nutrient,159,China,5610,Import quantity,3103,Nutrient phosphate P2O5 (total),2013,2013,t,344193.61,E,Estimated value,
RFN,Fertilizers by Nutrient,159,China,5910,Export quantity,3103,Nutrient phosphate P2O5 (total),2013,2013,t,2896167.03,E,Estimated value,
RFN,Fertilizers by Nutrient,159,China,5157,Agricultural Use,3103,Nutrient phosphate P2O5 (total),2013,2013,t,13895682,E,Estimated value,
RFN,Fertilizers by Nutrient,159,China,5159,Use per area of cropland,3103,Nutrient phosphate P2O5 (total),2013,2013,kg/ha,104.34,E,Estimated value,
RFN,Fertilizers by Nutrient,159,China,5172,Use per capita,3103,Nutrient phosphate P2O5 (total),2013,2013,kg/cap,9.85,E,Estimated value,
RFN,Fertilizers by Nutrient,159,China,5173,Use per value of agricultural production,3103,Nutrient phosphate P2O5 (total),2013,2013,g/Int$,16.17,E,Estimated value,
RFN,Fertilizers by Nutrient,159,China,5510,Production,3103,Nutrient phosphate P2O5 (total),2014,2014,t,17485652.92,E,Estimated value,
RFN,Fertilizers by Nutrient,159,China,5610,Import quantity,3103,Nutrient phosphate P2O5 (total),2014,2014,t,322280.44,E,Estimated value,
RFN,Fertilizers by Nutrient,159,China,5910,Export quantity,3103,Nutrient phosphate P2O5 (total),2014,2014,t,4384279.1,E,Estimated value,
RFN,Fertilizers by Nutrient,159,China,5157,Agricultural Use,3103,Nutrient phosphate P2O5 (total),2014,2014,t,13468450,E,Estimated value,
RFN,Fertilizers by Nutrient,159,China,5159,Use per area of cropland,3103,Nutrient phosphate P2O5 (total),2014,2014,kg/ha,101.7,E,Estimated value,
RFN,Fertilizers by Nutrient,159,China,5172,Use per capita,3103,Nutrient phosphate P2O5 (total),2014,2014,kg/cap,9.49,E,Estimated value,
RFN,Fertilizers by Nutrient,159,China,5173,Use per value of agricultural production,3103,Nutrient phosphate P2O5 (total),2014,2014,g/Int$,15.4,E,Estimated value,
RFN,Fertilizers by Nutrient,159,China,5510,Production,3103,Nutrient phosphate P2O5 (total),2015,2015,t,18614461.68,E,Estimated value,
RFN,Fertilizers by Nutrient,159,China,5610,Import quantity,3103,Nutrient phosphate P2O5 (total),2015,2015,t,282648.47,E,Estimated value,
RFN,Fertilizers by Nutrient,159,China,5910,Export quantity,3103,Nutrient phosphate P2O5 (total),2015,2015,t,6193475.39,E,Estimated value,
RFN,Fertilizers by Nutrient,159,China,5157,Agricultural Use,3103,Nutrient phosphate P2O5 (total),2015,2015,t,12765956,E,Estimated value,
RFN,Fertilizers by Nutrient,159,China,5159,Use per area of cropland,3103,Nutrient phosphate P2O5 (total),2015,2015,kg/ha,96.95,E,Estimated value,
RFN,Fertilizers by Nutrient,159,China,5172,Use per capita,3103,Nutrient phosphate P2O5 (total),2015,2015,kg/cap,8.94,E,Estimated value,
RFN,Fertilizers by Nutrient,159,China,5173,Use per value of agricultural production,3103,Nutrient phosphate P2O5 (total),2015,2015,g/Int$,14.13,E,Estimated value,
RFN,Fertilizers by Nutrient,159,China,5510,Production,3103,Nutrient phosphate P2O5 (total),2016,2016,t,18633872.93,E,Estimated value,
RFN,Fertilizers by Nutrient,159,China,5610,Import quantity,3103,Nutrient phosphate P2O5 (total),2016,2016,t,191449.79,E,Estimated value,
RFN,Fertilizers by Nutrient,159,China,5910,Export quantity,3103,Nutrient phosphate P2O5 (total),2016,2016,t,3999486.06,E,Estimated value,
RFN,Fertilizers by Nutrient,159,China,5157,Agricultural Use,3103,Nutrient phosphate P2O5 (total),2016,2016,t,12574134,E,Estimated value,
RFN,Fertilizers by Nutrient,159,China,5159,Use per area of cropland,3103,Nutrient phosphate P2O5 (total),2016,2016,kg/ha,96.05,E,Estimated value,
RFN,Fertilizers by Nutrient,159,China,5172,Use per capita,3103,Nutrient phosphate P2O5 (total),2016,2016,kg/cap,8.76,E,Estimated value,
RFN,Fertilizers by Nutrient,159,China,5173,Use per value of agricultural production,3103,Nutrient phosphate P2O5 (total),2016,2016,g/Int$,13.97,E,Estimated value,
RFN,Fertilizers by Nutrient,159,China,5510,Production,3103,Nutrient phosphate P2O5 (total),2017,2017,t,15060418.28,E,Estimated value,
RFN,Fertilizers by Nutrient,159,China,5610,Import quantity,3103,Nutrient phosphate P2O5 (total),2017,2017,t,231361.15,E,Estimated value,
RFN,Fertilizers by Nutrient,159,China,5910,Export quantity,3103,Nutrient phosphate P2O5 (total),2017,2017,t,5315077.52,E,Estimated value,
RFN,Fertilizers by Nutrient,159,China,5157,Agricultural Use,3103,Nutrient phosphate P2O5 (total),2017,2017,t,12078533,E,Estimated value,
RFN,Fertilizers by Nutrient,159,China,5159,Use per area of cropland,3103,Nutrient phosphate P2O5 (total),2017,2017,kg/ha,92.8,E,Estimated value,
RFN,Fertilizers by Nutrient,159,China,5172,Use per capita,3103,Nutrient phosphate P2O5 (total),2017,2017,kg/cap,8.36,E,Estimated value,
RFN,Fertilizers by Nutrient,159,China,5173,Use per value of agricultural production,3103,Nutrient phosphate P2O5 (total),2017,2017,g/Int$,13.24,E,Estimated value,
RFN,Fertilizers by Nutrient,159,China,5510,Production,3103,Nutrient phosphate P2O5 (total),2018,2018,t,13279498.56,E,Estimated value,
RFN,Fertilizers by Nutrient,159,China,5610,Import quantity,3103,Nutrient phosphate P2O5 (total),2018,2018,t,297496.5,E,Estimated value,
RFN,Fertilizers by Nutrient,159,China,5910,Export quantity,3103,Nutrient phosphate P2O5 (total),2018,2018,t,5757105.46,E,Estimated value,
RFN,Fertilizers by Nutrient,159,China,5157,Agricultural Use,3103,Nutrient phosphate P2O5 (total),2018,2018,t,11187513,E,Estimated value,
RFN,Fertilizers by Nutrient,159,China,5159,Use per area of cropland,3103,Nutrient phosphate P2O5 (total),2018,2018,kg/ha,86.45,E,Estimated value,
RFN,Fertilizers by Nutrient,159,China,5172,Use per capita,3103,Nutrient phosphate P2O5 (total),2018,2018,kg/cap,7.71,E,Estimated value,
RFN,Fertilizers by Nutrient,159,China,5173,Use per value of agricultural production,3103,Nutrient phosphate P2O5 (total),2018,2018,g/Int$,12.14,E,Estimated value,
RFN,Fertilizers by Nutrient,159,China,5510,Production,3103,Nutrient phosphate P2O5 (total),2019,2019,t,15686515.15,E,Estimated value,
RFN,Fertilizers by Nutrient,159,China,5610,Import quantity,3103,Nutrient phosphate P2O5 (total),2019,2019,t,264843.47,E,Estimated value,
RFN,Fertilizers by Nutrient,159,China,5910,Export quantity,3103,Nutrient phosphate P2O5 (total),2019,2019,t,5349196.34,E,Estimated value,
RFN,Fertilizers by Nutrient,159,China,5157,Agricultural Use,3103,Nutrient phosphate P2O5 (total),2019,2019,t,10643605,E,Estimated value,
RFN,Fertilizers by Nutrient,159,China,5159,Use per area of cropland,3103,Nutrient phosphate P2O5 (total),2019,2019,kg/ha,82.73,E,Estimated value,
RFN,Fertilizers by Nutrient,159,China,5172,Use per capita,3103,Nutrient phosphate P2O5 (total),2019,2019,kg/cap,7.31,E,Estimated value,
RFN,Fertilizers by Nutrient,159,China,5173,Use per value of agricultural production,3103,Nutrient phosphate P2O5 (total),2019,2019,g/Int$,11.47,E,Estimated value,
RFN,Fertilizers by Nutrient,159,China,5510,Production,3103,Nutrient phosphate P2O5 (total),2020,2020,t,14907238.74,E,Estimated value,
RFN,Fertilizers by Nutrient,159,China,5610,Import quantity,3103,Nutrient phosphate P2O5 (total),2020,2020,t,305505.78,E,Estimated value,
RFN,Fertilizers by Nutrient,159,China,5910,Export quantity,3103,Nutrient phosphate P2O5 (total),2020,2020,t,4922629.24,E,Estimated value,
RFN,Fertilizers by Nutrient,159,China,5157,Agricultural Use,3103,Nutrient phosphate P2O5 (total),2020,2020,t,10355021,E,Estimated value,
RFN,Fertilizers by Nutrient,159,China,5159,Use per area of cropland,3103,Nutrient phosphate P2O5 (total),2020,2020,kg/ha,80.55,E,Estimated value,
RFN,Fertilizers by Nutrient,159,China,5172,Use per capita,3103,Nutrient phosphate P2O5 (total),2020,2020,kg/cap,7.1,E,Estimated value,
RFN,Fertilizers by Nutrient,159,China,5173,Use per value of agricultural production,3103,Nutrient phosphate P2O5 (total),2020,2020,g/Int$,11.05,E,Estimated value,
RFN,Fertilizers by Nutrient,159,China,5510,Production,3103,Nutrient phosphate P2O5 (total),2021,2021,t,15913261.84,E,Estimated value,
RFN,Fertilizers by Nutrient,159,China,5610,Import quantity,3103,Nutrient phosphate P2O5 (total),2021,2021,t,198258.24,E,Estimated value,
RFN,Fertilizers by Nutrient,159,China,5910,Export quantity,3103,Nutrient phosphate P2O5 (total),2021,2021,t,5966697.48,E,Estimated value,
RFN,Fertilizers by Nutrient,159,China,5157,Agricultural Use,3103,Nutrient phosphate P2O5 (total),2021,2021,t,10197038,E,Estimated value,
RFN,Fertilizers by Nutrient,159,China,5159,Use per area of cropland,3103,Nutrient phosphate P2O5 (total),2021,2021,kg/ha,79.43,E,Estimated value,
RFN,Fertilizers by Nutrient,159,China,5172,Use per capita,3103,Nutrient phosphate P2O5 (total),2021,2021,kg/cap,6.99,E,Estimated value,
RFN,Fertilizers by Nutrient,159,China,5173,Use per value of agricultural production,3103,Nutrient phosphate P2O5 (total),2021,2021,g/Int$,10.46,E,Estimated value,
RFN,Fertilizers by Nutrient,159,China,5510,Production,3103,Nutrient phosphate P2O5 (total),2022,2022,t,12906521.53,E,Estimated value,
RFN,Fertilizers by Nutrient,159,China,5610,Import quantity,3103,Nutrient phosphate P2O5 (total),2022,2022,t,114788.98,E,Estimated value,
RFN,Fertilizers by Nutrient,159,China,5910,Export quantity,3103,Nutrient phosphate P2O5 (total),2022,2022,t,3409441.83,E,Estimated value,
RFN,Fertilizers by Nutrient,159,China,5157,Agricultural Use,3103,Nutrient phosphate P2O5 (total),2022,2022,t,9681803,E,Estimated value,
RFN,Fertilizers by Nutrient,159,China,5159,Use per area of cropland,3103,Nutrient phosphate P2O5 (total),2022,2022,kg/ha,75.43,E,Estimated value,
RFN,Fertilizers by Nutrient,159,China,5172,Use per capita,3103,Nutrient phosphate P2O5 (total),2022,2022,kg/cap,6.65,E,Estimated value,
RFN,Fertilizers by Nutrient,159,China,5173,Use per value of agricultural production,3103,Nutrient phosphate P2O5 (total),2022,2022,g/Int$,9.7,E,Estimated value,
RFN,Fertilizers by Nutrient,159,China,5510,Production,3103,Nutrient phosphate P2O5 (total),2023,2023,t,13432137.87,E,Estimated value,
RFN,Fertilizers by Nutrient,159,China,5610,Import quantity,3103,Nutrient phosphate P2O5 (total),2023,2023,t,209548.76,E,Estimated value,
RFN,Fertilizers by Nutrient,159,China,5910,Export quantity,3103,Nutrient phosphate P2O5 (total),2023,2023,t,4228345.42,E,Estimated value,
RFN,Fertilizers by Nutrient,159,China,5157,Agricultural Use,3103,Nutrient phosphate P2O5 (total),2023,2023,t,9466785,E,Estimated value,
RFN,Fertilizers by Nutrient,159,China,5159,Use per area of cropland,3103,Nutrient phosphate P2O5 (total),2023,2023,kg/ha,73.75,E,Estimated value,
RFN,Fertilizers by Nutrient,159,China,5172,Use per capita,3103,Nutrient phosphate P2O5 (total),2023,2023,kg/cap,6.51,E,Estimated value,
RFN,Fertilizers by Nutrient,159,China,5173,Use per value of agricultural production,3103,Nutrient phosphate P2O5 (total),2023,2023,g/Int$,9.28,E,Estimated value,
RFN,Fertilizers by Nutrient,159,China,5510,Production,3104,Nutrient potash K2O (total),1961,1961,t,2000,A,Official figure,
RFN,Fertilizers by Nutrient,159,China,5610,Import quantity,3104,Nutrient potash K2O (total),1961,1961,t,34000,X,Figure from external organization,
RFN,Fertilizers by Nutrient,159,China,5157,Agricultural Use,3104,Nutrient potash K2O (total),1961,1961,t,36000,A,Official figure,
RFN,Fertilizers by Nutrient,159,China,5159,Use per area of cropland,3104,Nutrient potash K2O (total),1961,1961,kg/ha,0.34,E,Estimated value,
RFN,Fertilizers by Nutrient,159,China,5172,Use per capita,3104,Nutrient potash K2O (total),1961,1961,kg/cap,0.05,E,Estimated value,
RFN,Fertilizers by Nutrient,159,China,5173,Use per value of agricultural production,3104,Nutrient potash K2O (total),1961,1961,g/Int$,0.36,E,Estimated value,
RFN,Fertilizers by Nutrient,159,China,5610,Import quantity,3104,Nutrient potash K2O (total),1962,1962,t,23600,X,Figure from external organization,
RFN,Fertilizers by Nutrient,159,China,5157,Agricultural Use,3104,Nutrient potash K2O (total),1962,1962,t,23600,X,Figure from external organization,
RFN,Fertilizers by Nutrient,159,China,5159,Use per area of cropland,3104,Nutrient potash K2O (total),1962,1962,kg/ha,0.22,E,Estimated value,
RFN,Fertilizers by Nutrient,159,China,5172,Use per capita,3104,Nutrient potash K2O (total),1962,1962,kg/cap,0.03,E,Estimated value,
RFN,Fertilizers by Nutrient,159,China,5173,Use per value of agricultural production,3104,Nutrient potash K2O (total),1962,1962,g/Int$,0.22,E,Estimated value,
RFN,Fertilizers by Nutrient,159,China,5510,Production,3104,Nutrient potash K2O (total),1963,1963,t,1000,A,Official figure,
RFN,Fertilizers by Nutrient,159,China,5610,Import quantity,3104,Nutrient potash K2O (total),1963,1963,t,29000,X,Figure from external organization,
RFN,Fertilizers by Nutrient,159,China,5157,Agricultural Use,3104,Nutrient potash K2O (total),1963,1963,t,30000,A,Official figure,
RFN,Fertilizers by Nutrient,159,China,5159,Use per area of cropland,3104,Nutrient potash K2O (total),1963,1963,kg/ha,0.29,E,Estimated value,
RFN,Fertilizers by Nutrient,159,China,5172,Use per capita,3104,Nutrient potash K2O (total),1963,1963,kg/cap,0.04,E,Estimated value,
RFN,Fertilizers by Nutrient,159,China,5173,Use per value of agricultural production,3104,Nutrient potash K2O (total),1963,1963,g/Int$,0.27,E,Estimated value,
RFN,Fertilizers by Nutrient,159,China,5510,Production,3104,Nutrient potash K2O (total),1964,1964,t,1000,A,Official figure,
RFN,Fertilizers by Nutrient,159,China,5610,Import quantity,3104,Nutrient potash K2O (total),1964,1964,t,34000,X,Figure from external organization,
RFN,Fertilizers by Nutrient,159,China,5157,Agricultural Use,3104,Nutrient potash K2O (total),1964,1964,t,35000,A,Official figure,
RFN,Fertilizers by Nutrient,159,China,5159,Use per area of cropland,3104,Nutrient potash K2O (total),1964,1964,kg/ha,0.33,E,Estimated value,
RFN,Fertilizers by Nutrient,159,China,5172,Use per capita,3104,Nutrient potash K2O (total),1964,1964,kg/cap,0.05,E,Estimated value,
RFN,Fertilizers by Nutrient,159,China,5173,Use per value of agricultural production,3104,Nutrient potash K2O (total),1964,1964,g/Int$,0.29,E,Estimated value,
RFN,Fertilizers by Nutrient,159,China,5510,Production,3104,Nutrient potash K2O (total),1965,1965,t,1000,A,Official figure,
RFN,Fertilizers by Nutrient,159,China,5610,Import quantity,3104,Nutrient potash K2O (total),1965,1965,t,67000,X,Figure from external organization,
RFN,Fertilizers by Nutrient,159,China,5157,Agricultural Use,3104,Nutrient potash K2O (total),1965,1965,t,47000,A,Official figure,
RFN,Fertilizers by Nutrient,159,China,5159,Use per area of cropland,3104,Nutrient potash K2O (total),1965,1965,kg/ha,0.45,E,Estimated value,
RFN,Fertilizers by Nutrient,159,China,5172,Use per capita,3104,Nutrient potash K2O (total),1965,1965,kg/cap,0.06,E,Estimated value,
RFN,Fertilizers by Nutrient,159,China,5173,Use per value of agricultural production,3104,Nutrient potash K2O (total),1965,1965,g/Int$,0.36,E,Estimated value,
RFN,Fertilizers by Nutrient,159,China,5510,Production,3104,Nutrient potash K2O (total),1966,1966,t,2000,A,Official figure,
RFN,Fertilizers by Nutrient,159,China,5610,Import quantity,3104,Nutrient potash K2O (total),1966,1966,t,51000,E,Estimated value,
RFN,Fertilizers by Nutrient,159,China,5157,Agricultural Use,3104,Nutrient potash K2O (total),1966,1966,t,59000,X,Figure from external organization,
RFN,Fertilizers by Nutrient,159,China,5159,Use per area of cropland,3104,Nutrient potash K2O (total),1966,1966,kg/ha,0.57,E,Estimated value,
RFN,Fertilizers by Nutrient,159,China,5172,Use per capita,3104,Nutrient potash K2O (total),1966,1966,kg/cap,0.08,E,Estimated value,
RFN,Fertilizers by Nutrient,159,China,5173,Use per value of agricultural production,3104,Nutrient potash K2O (total),1966,1966,g/Int$,0.42,E,Estimated value,
RFN,Fertilizers by Nutrient,159,China,5510,Production,3104,Nutrient potash K2O (total),1967,1967,t,4000,A,Official figure,
RFN,Fertilizers by Nutrient,159,China,5610,Import quantity,3104,Nutrient potash K2O (total),1967,1967,t,84000,E,Estimated value,
RFN,Fertilizers by Nutrient,159,China,5157,Agricultural Use,3104,Nutrient potash K2O (total),1967,1967,t,76000,X,Figure from external organization,
RFN,Fertilizers by Nutrient,159,China,5159,Use per area of cropland,3104,Nutrient potash K2O (total),1967,1967,kg/ha,0.73,E,Estimated value,
RFN,Fertilizers by Nutrient,159,China,5172,Use per capita,3104,Nutrient potash K2O (total),1967,1967,kg/cap,0.1,E,Estimated value,
RFN,Fertilizers by Nutrient,159,China,5173,Use per value of agricultural production,3104,Nutrient potash K2O (total),1967,1967,g/Int$,0.53,E,Estimated value,
RFN,Fertilizers by Nutrient,159,China,5510,Production,3104,Nutrient potash K2O (total),1968,1968,t,3000,A,Official figure,
RFN,Fertilizers by Nutrient,159,China,5610,Import quantity,3104,Nutrient potash K2O (total),1968,1968,t,78000,E,Estimated value,
RFN,Fertilizers by Nutrient,159,China,5157,Agricultural Use,3104,Nutrient potash K2O (total),1968,1968,t,83000,X,Figure from external organization,
RFN,Fertilizers by Nutrient,159,China,5159,Use per area of cropland,3104,Nutrient potash K2O (total),1968,1968,kg/ha,0.8,E,Estimated value,
RFN,Fertilizers by Nutrient,159,China,5172,Use per capita,3104,Nutrient potash K2O (total),1968,1968,kg/cap,0.1,E,Estimated value,
RFN,Fertilizers by Nutrient,159,China,5173,Use per value of agricultural production,3104,Nutrient potash K2O (total),1968,1968,g/Int$,0.58,E,Estimated value,
RFN,Fertilizers by Nutrient,159,China,5510,Production,3104,Nutrient potash K2O (total),1969,1969,t,3000,A,Official figure,
RFN,Fertilizers by Nutrient,159,China,5610,Import quantity,3104,Nutrient potash K2O (total),1969,1969,t,66900,E,Estimated value,
RFN,Fertilizers by Nutrient,159,China,5157,Agricultural Use,3104,Nutrient potash K2O (total),1969,1969,t,71000,X,Figure from external organization,
RFN,Fertilizers by Nutrient,159,China,5159,Use per area of cropland,3104,Nutrient potash K2O (total),1969,1969,kg/ha,0.69,E,Estimated value,
RFN,Fertilizers by Nutrient,159,China,5172,Use per capita,3104,Nutrient potash K2O (total),1969,1969,kg/cap,0.09,E,Estimated value,
RFN,Fertilizers by Nutrient,159,China,5173,Use per value of agricultural production,3104,Nutrient potash K2O (total),1969,1969,g/Int$,0.49,E,Estimated value,
RFN,Fertilizers by Nutrient,159,China,5510,Production,3104,Nutrient potash K2O (total),1970,1970,t,5000,A,Official figure,
RFN,Fertilizers by Nutrient,159,China,5610,Import quantity,3104,Nutrient potash K2O (total),1970,1970,t,83800,E,Estimated value,
RFN,Fertilizers by Nutrient,159,China,5157,Agricultural Use,3104,Nutrient potash K2O (total),1970,1970,t,89000,E,Estimated value,
RFN,Fertilizers by Nutrient,159,China,5159,Use per area of cropland,3104,Nutrient potash K2O (total),1970,1970,kg/ha,0.87,E,Estimated value,
RFN,Fertilizers by Nutrient,159,China,5172,Use per capita,3104,Nutrient potash K2O (total),1970,1970,kg/cap,0.11,E,Estimated value,
RFN,Fertilizers by Nutrient,159,China,5173,Use per value of agricultural production,3104,Nutrient potash K2O (total),1970,1970,g/Int$,0.58,E,Estimated value,
RFN,Fertilizers by Nutrient,159,China,5510,Production,3104,Nutrient potash K2O (total),1971,1971,t,12000,A,Official figure,
RFN,Fertilizers by Nutrient,159,China,5610,Import quantity,3104,Nutrient potash K2O (total),1971,1971,t,66400,E,Estimated value,
RFN,Fertilizers by Nutrient,159,China,5157,Agricultural Use,3104,Nutrient potash K2O (total),1971,1971,t,72400,E,Estimated value,
RFN,Fertilizers by Nutrient,159,China,5159,Use per area of cropland,3104,Nutrient potash K2O (total),1971,1971,kg/ha,0.71,E,Estimated value,
RFN,Fertilizers by Nutrient,159,China,5172,Use per capita,3104,Nutrient potash K2O (total),1971,1971,kg/cap,0.08,E,Estimated value,
RFN,Fertilizers by Nutrient,159,China,5173,Use per value of agricultural production,3104,Nutrient potash K2O (total),1971,1971,g/Int$,0.46,E,Estimated value,
RFN,Fertilizers by Nutrient,159,China,5510,Production,3104,Nutrient potash K2O (total),1972,1972,t,8000,A,Official figure,
RFN,Fertilizers by Nutrient,159,China,5610,Import quantity,3104,Nutrient potash K2O (total),1972,1972,t,84600,E,Estimated value,
RFN,Fertilizers by Nutrient,159,China,5157,Agricultural Use,3104,Nutrient potash K2O (total),1972,1972,t,72000,X,Figure from external organization,
RFN,Fertilizers by Nutrient,159,China,5159,Use per area of cropland,3104,Nutrient potash K2O (total),1972,1972,kg/ha,0.71,E,Estimated value,
RFN,Fertilizers by Nutrient,159,China,5172,Use per capita,3104,Nutrient potash K2O (total),1972,1972,kg/cap,0.08,E,Estimated value,
RFN,Fertilizers by Nutrient,159,China,5173,Use per value of agricultural production,3104,Nutrient potash K2O (total),1972,1972,g/Int$,0.46,E,Estimated value,
RFN,Fertilizers by Nutrient,159,China,5510,Production,3104,Nutrient potash K2O (total),1973,1973,t,7000,A,Official figure,
RFN,Fertilizers by Nutrient,159,China,5610,Import quantity,3104,Nutrient potash K2O (total),1973,1973,t,228100,E,Estimated value,
RFN,Fertilizers by Nutrient,159,China,5910,Export quantity,3104,Nutrient potash K2O (total),1973,1973,t,5400,X,Figure from external organization,
RFN,Fertilizers by Nutrient,159,China,5157,Agricultural Use,3104,Nutrient potash K2O (total),1973,1973,t,235000,X,Figure from external organization,
RFN,Fertilizers by Nutrient,159,China,5159,Use per area of cropland,3104,Nutrient potash K2O (total),1973,1973,kg/ha,2.32,E,Estimated value,
RFN,Fertilizers by Nutrient,159,China,5172,Use per capita,3104,Nutrient potash K2O (total),1973,1973,kg/cap,0.26,E,Estimated value,
RFN,Fertilizers by Nutrient,159,China,5173,Use per value of agricultural production,3104,Nutrient potash K2O (total),1973,1973,g/Int$,1.35,E,Estimated value,
RFN,Fertilizers by Nutrient,159,China,5510,Production,3104,Nutrient potash K2O (total),1974,1974,t,5000,A,Official figure,
RFN,Fertilizers by Nutrient,159,China,5610,Import quantity,3104,Nutrient potash K2O (total),1974,1974,t,258900,E,Estimated value,
RFN,Fertilizers by Nutrient,159,China,5157,Agricultural Use,3104,Nutrient potash K2O (total),1974,1974,t,252000,X,Figure from external organization,
RFN,Fertilizers by Nutrient,159,China,5159,Use per area of cropland,3104,Nutrient potash K2O (total),1974,1974,kg/ha,2.47,E,Estimated value,
RFN,Fertilizers by Nutrient,159,China,5172,Use per capita,3104,Nutrient potash K2O (total),1974,1974,kg/cap,0.27,E,Estimated value,
RFN,Fertilizers by Nutrient,159,China,5173,Use per value of agricultural production,3104,Nutrient potash K2O (total),1974,1974,g/Int$,1.45,E,Estimated value,
RFN,Fertilizers by Nutrient,159,China,5510,Production,3104,Nutrient potash K2O (total),1975,1975,t,7000,A,Official figure,
RFN,Fertilizers by Nutrient,159,China,5610,Import quantity,3104,Nutrient potash K2O (total),1975,1975,t,219380,E,Estimated value,
RFN,Fertilizers by Nutrient,159,China,5157,Agricultural Use,3104,Nutrient potash K2O (total),1975,1975,t,207000,X,Figure from external organization,
RFN,Fertilizers by Nutrient,159,China,5159,Use per area of cropland,3104,Nutrient potash K2O (total),1975,1975,kg/ha,2.06,E,Estimated value,
RFN,Fertilizers by Nutrient,159,China,5172,Use per capita,3104,Nutrient potash K2O (total),1975,1975,kg/cap,0.22,E,Estimated value,
RFN,Fertilizers by Nutrient,159,China,5173,Use per value of agricultural production,3104,Nutrient potash K2O (total),1975,1975,g/Int$,1.16,E,Estimated value,
RFN,Fertilizers by Nutrient,159,China,5510,Production,3104,Nutrient potash K2O (total),1976,1976,t,11000,A,Official figure,
RFN,Fertilizers by Nutrient,159,China,5610,Import quantity,3104,Nutrient potash K2O (total),1976,1976,t,167083,E,Estimated value,
RFN,Fertilizers by Nutrient,159,China,5157,Agricultural Use,3104,Nutrient potash K2O (total),1976,1976,t,174000,X,Figure from external organization,
RFN,Fertilizers by Nutrient,159,China,5159,Use per area of cropland,3104,Nutrient potash K2O (total),1976,1976,kg/ha,1.73,E,Estimated value,
RFN,Fertilizers by Nutrient,159,China,5172,Use per capita,3104,Nutrient potash K2O (total),1976,1976,kg/cap,0.18,E,Estimated value,
RFN,Fertilizers by Nutrient,159,China,5173,Use per value of agricultural production,3104,Nutrient potash K2O (total),1976,1976,g/Int$,0.99,E,Estimated value,
RFN,Fertilizers by Nutrient,159,China,5510,Production,3104,Nutrient potash K2O (total),1977,1977,t,21000,A,Official figure,
RFN,Fertilizers by Nutrient,159,China,5610,Import quantity,3104,Nutrient potash K2O (total),1977,1977,t,149000,E,Estimated value,
RFN,Fertilizers by Nutrient,159,China,5157,Agricultural Use,3104,Nutrient potash K2O (total),1977,1977,t,187600,X,Figure from external organization,
RFN,Fertilizers by Nutrient,159,China,5159,Use per area of cropland,3104,Nutrient potash K2O (total),1977,1977,kg/ha,1.87,E,Estimated value,
RFN,Fertilizers by Nutrient,159,China,5172,Use per capita,3104,Nutrient potash K2O (total),1977,1977,kg/cap,0.19,E,Estimated value,
RFN,Fertilizers by Nutrient,159,China,5173,Use per value of agricultural production,3104,Nutrient potash K2O (total),1977,1977,g/Int$,1.04,E,Estimated value,
RFN,Fertilizers by Nutrient,159,China,5510,Production,3104,Nutrient potash K2O (total),1978,1978,t,21000,A,Official figure,
RFN,Fertilizers by Nutrient,159,China,5610,Import quantity,3104,Nutrient potash K2O (total),1978,1978,t,186999,A,Official figure,
RFN,Fertilizers by Nutrient,159,China,5157,Agricultural Use,3104,Nutrient potash K2O (total),1978,1978,t,233800,A,Official figure,
RFN,Fertilizers by Nutrient,159,China,5159,Use per area of cropland,3104,Nutrient potash K2O (total),1978,1978,kg/ha,2.33,E,Estimated value,
RFN,Fertilizers by Nutrient,159,China,5172,Use per capita,3104,Nutrient potash K2O (total),1978,1978,kg/cap,0.24,E,Estimated value,
RFN,Fertilizers by Nutrient,159,China,5173,Use per value of agricultural production,3104,Nutrient potash K2O (total),1978,1978,g/Int$,1.19,E,Estimated value,
RFN,Fertilizers by Nutrient,159,China,5510,Production,3104,Nutrient potash K2O (total),1979,1979,t,15700,A,Official figure,
RFN,Fertilizers by Nutrient,159,China,5610,Import quantity,3104,Nutrient potash K2O (total),1979,1979,t,372026,X,Figure from external organization,
RFN,Fertilizers by Nutrient,159,China,5157,Agricultural Use,3104,Nutrient potash K2O (total),1979,1979,t,391800,X,Figure from external organization,
RFN,Fertilizers by Nutrient,159,China,5159,Use per area of cropland,3104,Nutrient potash K2O (total),1979,1979,kg/ha,3.91,E,Estimated value,
RFN,Fertilizers by Nutrient,159,China,5172,Use per capita,3104,Nutrient potash K2O (total),1979,1979,kg/cap,0.39,E,Estimated value,
RFN,Fertilizers by Nutrient,159,China,5173,Use per value of agricultural production,3104,Nutrient potash K2O (total),1979,1979,g/Int$,1.91,E,Estimated value,
RFN,Fertilizers by Nutrient,159,China,5510,Production,3104,Nutrient potash K2O (total),1980,1980,t,19800,A,Official figure,
RFN,Fertilizers by Nutrient,159,China,5610,Import quantity,3104,Nutrient potash K2O (total),1980,1980,t,499399,X,Figure from external organization,
RFN,Fertilizers by Nutrient,159,China,5157,Agricultural Use,3104,Nutrient potash K2O (total),1980,1980,t,478200,X,Figure from external organization,
RFN,Fertilizers by Nutrient,159,China,5159,Use per area of cropland,3104,Nutrient potash K2O (total),1980,1980,kg/ha,4.77,E,Estimated value,
RFN,Fertilizers by Nutrient,159,China,5172,Use per capita,3104,Nutrient potash K2O (total),1980,1980,kg/cap,0.48,E,Estimated value,
RFN,Fertilizers by Nutrient,159,China,5173,Use per value of agricultural production,3104,Nutrient potash K2O (total),1980,1980,g/Int$,2.31,E,Estimated value,
RFN,Fertilizers by Nutrient,159,China,5510,Production,3104,Nutrient potash K2O (total),1981,1981,t,24400,A,Official figure,
RFN,Fertilizers by Nutrient,159,China,5610,Import quantity,3104,Nutrient potash K2O (total),1981,1981,t,698600,X,Figure from external organization,
RFN,Fertilizers by Nutrient,159,China,5157,Agricultural Use,3104,Nutrient potash K2O (total),1981,1981,t,692900,X,Figure from external organization,
RFN,Fertilizers by Nutrient,159,China,5159,Use per area of cropland,3104,Nutrient potash K2O (total),1981,1981,kg/ha,6.87,E,Estimated value,
RFN,Fertilizers by Nutrient,159,China,5172,Use per capita,3104,Nutrient potash K2O (total),1981,1981,kg/cap,0.68,E,Estimated value,
RFN,Fertilizers by Nutrient,159,China,5173,Use per value of agricultural production,3104,Nutrient potash K2O (total),1981,1981,g/Int$,3.21,E,Estimated value,
RFN,Fertilizers by Nutrient,159,China,5510,Production,3104,Nutrient potash K2O (total),1982,1982,t,25000,A,Official figure,
RFN,Fertilizers by Nutrient,159,China,5610,Import quantity,3104,Nutrient potash K2O (total),1982,1982,t,503400,X,Figure from external organization,
RFN,Fertilizers by Nutrient,159,China,5157,Agricultural Use,3104,Nutrient potash K2O (total),1982,1982,t,642100,X,Figure from external organization,
RFN,Fertilizers by Nutrient,159,China,5159,Use per area of cropland,3104,Nutrient potash K2O (total),1982,1982,kg/ha,6.06,E,Estimated value,
RFN,Fertilizers by Nutrient,159,China,5172,Use per capita,3104,Nutrient potash K2O (total),1982,1982,kg/cap,0.62,E,Estimated value,
RFN,Fertilizers by Nutrient,159,China,5173,Use per value of agricultural production,3104,Nutrient potash K2O (total),1982,1982,g/Int$,2.73,E,Estimated value,
RFN,Fertilizers by Nutrient,159,China,5510,Production,3104,Nutrient potash K2O (total),1983,1983,t,29000,A,Official figure,
RFN,Fertilizers by Nutrient,159,China,5610,Import quantity,3104,Nutrient potash K2O (total),1983,1983,t,806500,X,Figure from external organization,
RFN,Fertilizers by Nutrient,159,China,5157,Agricultural Use,3104,Nutrient potash K2O (total),1983,1983,t,857200,X,Figure from external organization,
RFN,Fertilizers by Nutrient,159,China,5159,Use per area of cropland,3104,Nutrient potash K2O (total),1983,1983,kg/ha,7.67,E,Estimated value,
RFN,Fertilizers by Nutrient,159,China,5172,Use per capita,3104,Nutrient potash K2O (total),1983,1983,kg/cap,0.81,E,Estimated value,
RFN,Fertilizers by Nutrient,159,China,5173,Use per value of agricultural production,3104,Nutrient potash K2O (total),1983,1983,g/Int$,3.41,E,Estimated value,
RFN,Fertilizers by Nutrient,159,China,5510,Production,3104,Nutrient potash K2O (total),1984,1984,t,32000,A,Official figure,
RFN,Fertilizers by Nutrient,159,China,5610,Import quantity,3104,Nutrient potash K2O (total),1984,1984,t,866100,X,Figure from external organization,
RFN,Fertilizers by Nutrient,159,China,5157,Agricultural Use,3104,Nutrient potash K2O (total),1984,1984,t,807700,X,Figure from external organization,
RFN,Fertilizers by Nutrient,159,China,5159,Use per area of cropland,3104,Nutrient potash K2O (total),1984,1984,kg/ha,6.8,E,Estimated value,
RFN,Fertilizers by Nutrient,159,China,5172,Use per capita,3104,Nutrient potash K2O (total),1984,1984,kg/cap,0.76,E,Estimated value,
RFN,Fertilizers by Nutrient,159,China,5173,Use per value of agricultural production,3104,Nutrient potash K2O (total),1984,1984,g/Int$,2.97,E,Estimated value,
RFN,Fertilizers by Nutrient,159,China,5510,Production,3104,Nutrient potash K2O (total),1985,1985,t,23000,A,Official figure,
RFN,Fertilizers by Nutrient,159,China,5610,Import quantity,3104,Nutrient potash K2O (total),1985,1985,t,391800,X,Figure from external organization,
RFN,Fertilizers by Nutrient,159,China,5157,Agricultural Use,3104,Nutrient potash K2O (total),1985,1985,t,436900,X,Figure from external organization,
RFN,Fertilizers by Nutrient,159,China,5159,Use per area of cropland,3104,Nutrient potash K2O (total),1985,1985,kg/ha,3.47,E,Estimated value,
RFN,Fertilizers by Nutrient,159,China,5172,Use per capita,3104,Nutrient potash K2O (total),1985,1985,kg/cap,0.4,E,Estimated value,
RFN,Fertilizers by Nutrient,159,China,5173,Use per value of agricultural production,3104,Nutrient potash K2O (total),1985,1985,g/Int$,1.61,E,Estimated value,
RFN,Fertilizers by Nutrient,159,China,5510,Production,3104,Nutrient potash K2O (total),1986,1986,t,24000,A,Official figure,
RFN,Fertilizers by Nutrient,159,China,5610,Import quantity,3104,Nutrient potash K2O (total),1986,1986,t,727800,X,Figure from external organization,
RFN,Fertilizers by Nutrient,159,China,5157,Agricultural Use,3104,Nutrient potash K2O (total),1986,1986,t,721400,X,Figure from external organization,
RFN,Fertilizers by Nutrient,159,China,5159,Use per area of cropland,3104,Nutrient potash K2O (total),1986,1986,kg/ha,5.66,E,Estimated value,
RFN,Fertilizers by Nutrient,159,China,5172,Use per capita,3104,Nutrient potash K2O (total),1986,1986,kg/cap,0.65,E,Estimated value,
RFN,Fertilizers by Nutrient,159,China,5173,Use per value of agricultural production,3104,Nutrient potash K2O (total),1986,1986,g/Int$,2.59,E,Estimated value,
RFN,Fertilizers by Nutrient,159,China,5510,Production,3104,Nutrient potash K2O (total),1987,1987,t,39700,A,Official figure,
RFN,Fertilizers by Nutrient,159,China,5610,Import quantity,3104,Nutrient potash K2O (total),1987,1987,t,1367425,A,Official figure,
RFN,Fertilizers by Nutrient,159,China,5157,Agricultural Use,3104,Nutrient potash K2O (total),1987,1987,t,1394850,A,Official figure,
RFN,Fertilizers by Nutrient,159,China,5159,Use per area of cropland,3104,Nutrient potash K2O (total),1987,1987,kg/ha,10.89,E,Estimated value,
RFN,Fertilizers by Nutrient,159,China,5172,Use per capita,3104,Nutrient potash K2O (total),1987,1987,kg/cap,1.24,E,Estimated value,
RFN,Fertilizers by Nutrient,159,China,5173,Use per value of agricultural production,3104,Nutrient potash K2O (total),1987,1987,g/Int$,4.71,E,Estimated value,
RFN,Fertilizers by Nutrient,159,China,5510,Production,3104,Nutrient potash K2O (total),1988,1988,t,53800,A,Official figure,
RFN,Fertilizers by Nutrient,159,China,5610,Import quantity,3104,Nutrient potash K2O (total),1988,1988,t,1585900,A,Official figure,
RFN,Fertilizers by Nutrient,159,China,5910,Export quantity,3104,Nutrient potash K2O (total),1988,1988,t,100,X,Figure from external organization,
RFN,Fertilizers by Nutrient,159,China,5157,Agricultural Use,3104,Nutrient potash K2O (total),1988,1988,t,1645705,A,Official figure,
RFN,Fertilizers by Nutrient,159,China,5159,Use per area of cropland,3104,Nutrient potash K2O (total),1988,1988,kg/ha,12.75,E,Estimated value,
RFN,Fertilizers by Nutrient,159,China,5172,Use per capita,3104,Nutrient potash K2O (total),1988,1988,kg/cap,1.44,E,Estimated value,
RFN,Fertilizers by Nutrient,159,China,5173,Use per value of agricultural production,3104,Nutrient potash K2O (total),1988,1988,g/Int$,5.42,E,Estimated value,
RFN,Fertilizers by Nutrient,159,China,5510,Production,3104,Nutrient potash K2O (total),1989,1989,t,32000,A,Official figure,
RFN,Fertilizers by Nutrient,159,China,5610,Import quantity,3104,Nutrient potash K2O (total),1989,1989,t,1233100,X,Figure from external organization,
RFN,Fertilizers by Nutrient,159,China,5910,Export quantity,3104,Nutrient potash K2O (total),1989,1989,t,400,X,Figure from external organization,
RFN,Fertilizers by Nutrient,159,China,5157,Agricultural Use,3104,Nutrient potash K2O (total),1989,1989,t,1300800,X,Figure from external organization,
RFN,Fertilizers by Nutrient,159,China,5159,Use per area of cropland,3104,Nutrient potash K2O (total),1989,1989,kg/ha,9.96,E,Estimated value,
RFN,Fertilizers by Nutrient,159,China,5172,Use per capita,3104,Nutrient potash K2O (total),1989,1989,kg/cap,1.12,E,Estimated value,
RFN,Fertilizers by Nutrient,159,China,5173,Use per value of agricultural production,3104,Nutrient potash K2O (total),1989,1989,g/Int$,4.16,E,Estimated value,
RFN,Fertilizers by Nutrient,159,China,5510,Production,3104,Nutrient potash K2O (total),1990,1990,t,46000,A,Official figure,
RFN,Fertilizers by Nutrient,159,China,5610,Import quantity,3104,Nutrient potash K2O (total),1990,1990,t,1809300,E,Estimated value,
RFN,Fertilizers by Nutrient,159,China,5910,Export quantity,3104,Nutrient potash K2O (total),1990,1990,t,0,E,Estimated value,
RFN,Fertilizers by Nutrient,159,China,5157,Agricultural Use,3104,Nutrient potash K2O (total),1990,1990,t,1863100,X,Figure from external organization,
RFN,Fertilizers by Nutrient,159,China,5159,Use per area of cropland,3104,Nutrient potash K2O (total),1990,1990,kg/ha,14.09,E,Estimated value,
RFN,Fertilizers by Nutrient,159,China,5172,Use per capita,3104,Nutrient potash K2O (total),1990,1990,kg/cap,1.58,E,Estimated value,
RFN,Fertilizers by Nutrient,159,China,5173,Use per value of agricultural production,3104,Nutrient potash K2O (total),1990,1990,g/Int$,5.55,E,Estimated value,
RFN,Fertilizers by Nutrient,159,China,5510,Production,3104,Nutrient potash K2O (total),1991,1991,t,98000,A,Official figure,
RFN,Fertilizers by Nutrient,159,China,5610,Import quantity,3104,Nutrient potash K2O (total),1991,1991,t,2310600,E,Estimated value,
RFN,Fertilizers by Nutrient,159,China,5910,Export quantity,3104,Nutrient potash K2O (total),1991,1991,t,0,E,Estimated value,
RFN,Fertilizers by Nutrient,159,China,5157,Agricultural Use,3104,Nutrient potash K2O (total),1991,1991,t,2404300,A,Official figure,
RFN,Fertilizers by Nutrient,159,China,5159,Use per area of cropland,3104,Nutrient potash K2O (total),1991,1991,kg/ha,18.04,E,Estimated value,
RFN,Fertilizers by Nutrient,159,China,5172,Use per capita,3104,Nutrient potash K2O (total),1991,1991,kg/cap,2.01,E,Estimated value,
RFN,Fertilizers by Nutrient,159,China,5173,Use per value of agricultural production,3104,Nutrient potash K2O (total),1991,1991,g/Int$,6.81,E,Estimated value,
RFN,Fertilizers by Nutrient,159,China,5510,Production,3104,Nutrient potash K2O (total),1992,1992,t,91000,X,Figure from external organization,
RFN,Fertilizers by Nutrient,159,China,5610,Import quantity,3104,Nutrient potash K2O (total),1992,1992,t,1964000,E,Estimated value,
RFN,Fertilizers by Nutrient,159,China,5910,Export quantity,3104,Nutrient potash K2O (total),1992,1992,t,2423.86,E,Estimated value,
RFN,Fertilizers by Nutrient,159,China,5157,Agricultural Use,3104,Nutrient potash K2O (total),1992,1992,t,1952000,A,Official figure,
RFN,Fertilizers by Nutrient,159,China,5159,Use per area of cropland,3104,Nutrient potash K2O (total),1992,1992,kg/ha,14.83,E,Estimated value,
RFN,Fertilizers by Nutrient,159,China,5172,Use per capita,3104,Nutrient potash K2O (total),1992,1992,kg/cap,1.61,E,Estimated value,
RFN,Fertilizers by Nutrient,159,China,5173,Use per value of agricultural production,3104,Nutrient potash K2O (total),1992,1992,g/Int$,5.27,E,Estimated value,
RFN,Fertilizers by Nutrient,159,China,5510,Production,3104,Nutrient potash K2O (total),1993,1993,t,70000,X,Figure from external organization,
RFN,Fertilizers by Nutrient,159,China,5610,Import quantity,3104,Nutrient potash K2O (total),1993,1993,t,1558421.84,E,Estimated value,
RFN,Fertilizers by Nutrient,159,China,5910,Export quantity,3104,Nutrient potash K2O (total),1993,1993,t,8878.29,E,Estimated value,
RFN,Fertilizers by Nutrient,159,China,5157,Agricultural Use,3104,Nutrient potash K2O (total),1993,1993,t,1531300,A,Official figure,
RFN,Fertilizers by Nutrient,159,China,5159,Use per area of cropland,3104,Nutrient potash K2O (total),1993,1993,kg/ha,11.7,E,Estimated value,
RFN,Fertilizers by Nutrient,159,China,5172,Use per capita,3104,Nutrient potash K2O (total),1993,1993,kg/cap,1.25,E,Estimated value,
RFN,Fertilizers by Nutrient,159,China,5173,Use per value of agricultural production,3104,Nutrient potash K2O (total),1993,1993,g/Int$,3.82,E,Estimated value,
RFN,Fertilizers by Nutrient,159,China,5510,Production,3104,Nutrient potash K2O (total),1994,1994,t,116500,X,Figure from external organization,
RFN,Fertilizers by Nutrient,159,China,5610,Import quantity,3104,Nutrient potash K2O (total),1994,1994,t,2250328.86,E,Estimated value,
RFN,Fertilizers by Nutrient,159,China,5910,Export quantity,3104,Nutrient potash K2O (total),1994,1994,t,12577.79,E,Estimated value,
RFN,Fertilizers by Nutrient,159,China,5157,Agricultural Use,3104,Nutrient potash K2O (total),1994,1994,t,2353000,A,Official figure,
RFN,Fertilizers by Nutrient,159,China,5159,Use per area of cropland,3104,Nutrient potash K2O (total),1994,1994,kg/ha,17.98,E,Estimated value,
RFN,Fertilizers by Nutrient,159,China,5172,Use per capita,3104,Nutrient potash K2O (total),1994,1994,kg/cap,1.9,E,Estimated value,
RFN,Fertilizers by Nutrient,159,China,5173,Use per value of agricultural production,3104,Nutrient potash K2O (total),1994,1994,g/Int$,5.59,E,Estimated value,
RFN,Fertilizers by Nutrient,159,China,5510,Production,3104,Nutrient potash K2O (total),1995,1995,t,223000,X,Figure from external organization,
RFN,Fertilizers by Nutrient,159,China,5610,Import quantity,3104,Nutrient potash K2O (total),1995,1995,t,2870785.13,E,Estimated value,
RFN,Fertilizers by Nutrient,159,China,5910,Export quantity,3104,Nutrient potash K2O (total),1995,1995,t,186113.63,E,Estimated value,
RFN,Fertilizers by Nutrient,159,China,5157,Agricultural Use,3104,Nutrient potash K2O (total),1995,1995,t,2887000,A,Official figure,
RFN,Fertilizers by Nutrient,159,China,5159,Use per area of cropland,3104,Nutrient potash K2O (total),1995,1995,kg/ha,22.06,E,Estimated value,
RFN,Fertilizers by Nutrient,159,China,5172,Use per capita,3104,Nutrient potash K2O (total),1995,1995,kg/cap,2.31,E,Estimated value,
RFN,Fertilizers by Nutrient,159,China,5173,Use per value of agricultural production,3104,Nutrient potash K2O (total),1995,1995,g/Int$,6.27,E,Estimated value,
RFN,Fertilizers by Nutrient,159,China,5510,Production,3104,Nutrient potash K2O (total),1996,1996,t,218000,X,Figure from external organization,
RFN,Fertilizers by Nutrient,159,China,5610,Import quantity,3104,Nutrient potash K2O (total),1996,1996,t,2784834.13,E,Estimated value,
RFN,Fertilizers by Nutrient,159,China,5910,Export quantity,3104,Nutrient potash K2O (total),1996,1996,t,353114.54,E,Estimated value,
RFN,Fertilizers by Nutrient,159,China,5157,Agricultural Use,3104,Nutrient potash K2O (total),1996,1996,t,2591000,A,Official figure,
RFN,Fertilizers by Nutrient,159,China,5159,Use per area of cropland,3104,Nutrient potash K2O (total),1996,1996,kg/ha,19.79,E,Estimated value,
RFN,Fertilizers by Nutrient,159,China,5172,Use per capita,3104,Nutrient potash K2O (total),1996,1996,kg/cap,2.06,E,Estimated value,
RFN,Fertilizers by Nutrient,159,China,5173,Use per value of agricultural production,3104,Nutrient potash K2O (total),1996,1996,g/Int$,5.38,E,Estimated value,
RFN,Fertilizers by Nutrient,159,China,5510,Production,3104,Nutrient potash K2O (total),1997,1997,t,170000,X,Figure from external organization,
RFN,Fertilizers by Nutrient,159,China,5610,Import quantity,3104,Nutrient potash K2O (total),1997,1997,t,3662126.91,E,Estimated value,
RFN,Fertilizers by Nutrient,159,China,5910,Export quantity,3104,Nutrient potash K2O (total),1997,1997,t,330273.37,E,Estimated value,
RFN,Fertilizers by Nutrient,159,China,5157,Agricultural Use,3104,Nutrient potash K2O (total),1997,1997,t,3420000,A,Official figure,
RFN,Fertilizers by Nutrient,159,China,5159,Use per area of cropland,3104,Nutrient potash K2O (total),1997,1997,kg/ha,26.12,E,Estimated value,
RFN,Fertilizers by Nutrient,159,China,5172,Use per capita,3104,Nutrient potash K2O (total),1997,1997,kg/cap,2.69,E,Estimated value,
RFN,Fertilizers by Nutrient,159,China,5173,Use per value of agricultural production,3104,Nutrient potash K2O (total),1997,1997,g/Int$,6.8,E,Estimated value,
RFN,Fertilizers by Nutrient,159,China,5510,Production,3104,Nutrient potash K2O (total),1998,1998,t,213000,X,Figure from external organization,
RFN,Fertilizers by Nutrient,159,China,5610,Import quantity,3104,Nutrient potash K2O (total),1998,1998,t,3530956.72,E,Estimated value,
RFN,Fertilizers by Nutrient,159,China,5910,Export quantity,3104,Nutrient potash K2O (total),1998,1998,t,363089.03,E,Estimated value,
RFN,Fertilizers by Nutrient,159,China,5157,Agricultural Use,3104,Nutrient potash K2O (total),1998,1998,t,3486000,X,Figure from external organization,
RFN,Fertilizers by Nutrient,159,China,5159,Use per area of cropland,3104,Nutrient potash K2O (total),1998,1998,kg/ha,26.63,E,Estimated value,
RFN,Fertilizers by Nutrient,159,China,5172,Use per capita,3104,Nutrient potash K2O (total),1998,1998,kg/cap,2.72,E,Estimated value,
RFN,Fertilizers by Nutrient,159,China,5173,Use per value of agricultural production,3104,Nutrient potash K2O (total),1998,1998,g/Int$,6.63,E,Estimated value,
RFN,Fertilizers by Nutrient,159,China,5510,Production,3104,Nutrient potash K2O (total),1999,1999,t,218000,X,Figure from external organization,
RFN,Fertilizers by Nutrient,159,China,5610,Import quantity,3104,Nutrient potash K2O (total),1999,1999,t,3754312.42,E,Estimated value,
RFN,Fertilizers by Nutrient,159,China,5910,Export quantity,3104,Nutrient potash K2O (total),1999,1999,t,556756.55,E,Estimated value,
RFN,Fertilizers by Nutrient,159,China,5157,Agricultural Use,3104,Nutrient potash K2O (total),1999,1999,t,3390000,X,Figure from external organization,
RFN,Fertilizers by Nutrient,159,China,5159,Use per area of cropland,3104,Nutrient potash K2O (total),1999,1999,kg/ha,25.9,E,Estimated value,
RFN,Fertilizers by Nutrient,159,China,5172,Use per capita,3104,Nutrient potash K2O (total),1999,1999,kg/cap,2.63,E,Estimated value,
RFN,Fertilizers by Nutrient,159,China,5173,Use per value of agricultural production,3104,Nutrient potash K2O (total),1999,1999,g/Int$,6.19,E,Estimated value,
RFN,Fertilizers by Nutrient,159,China,5510,Production,3104,Nutrient potash K2O (total),2000,2000,t,275000,X,Figure from external organization,
RFN,Fertilizers by Nutrient,159,China,5610,Import quantity,3104,Nutrient potash K2O (total),2000,2000,t,3829546.45,E,Estimated value,
RFN,Fertilizers by Nutrient,159,China,5910,Export quantity,3104,Nutrient potash K2O (total),2000,2000,t,449118.46,E,Estimated value,
RFN,Fertilizers by Nutrient,159,China,5157,Agricultural Use,3104,Nutrient potash K2O (total),2000,2000,t,3469000,X,Figure from external organization,
RFN,Fertilizers by Nutrient,159,China,5159,Use per area of cropland,3104,Nutrient potash K2O (total),2000,2000,kg/ha,26.5,E,Estimated value,
RFN,Fertilizers by Nutrient,159,China,5172,Use per capita,3104,Nutrient potash K2O (total),2000,2000,kg/cap,2.67,E,Estimated value,
RFN,Fertilizers by Nutrient,159,China,5173,Use per value of agricultural production,3104,Nutrient potash K2O (total),2000,2000,g/Int$,6.05,E,Estimated value,
RFN,Fertilizers by Nutrient,159,China,5510,Production,3104,Nutrient potash K2O (total),2001,2001,t,395000,X,Figure from external organization,
RFN,Fertilizers by Nutrient,159,China,5610,Import quantity,3104,Nutrient potash K2O (total),2001,2001,t,3988700.03,E,Estimated value,
RFN,Fertilizers by Nutrient,159,China,5910,Export quantity,3104,Nutrient potash K2O (total),2001,2001,t,301848.37,E,Estimated value,
RFN,Fertilizers by Nutrient,159,China,5157,Agricultural Use,3104,Nutrient potash K2O (total),2001,2001,t,4036354,X,Figure from external organization,
RFN,Fertilizers by Nutrient,159,China,5159,Use per area of cropland,3104,Nutrient potash K2O (total),2001,2001,kg/ha,30.7,E,Estimated value,
RFN,Fertilizers by Nutrient,159,China,5172,Use per capita,3104,Nutrient potash K2O (total),2001,2001,kg/cap,3.08,E,Estimated value,
RFN,Fertilizers by Nutrient,159,China,5173,Use per value of agricultural production,3104,Nutrient potash K2O (total),2001,2001,g/Int$,6.91,E,Estimated value,
RFN,Fertilizers by Nutrient,159,China,5510,Production,3104,Nutrient potash K2O (total),2002,2002,t,430000,A,Official figure,
RFN,Fertilizers by Nutrient,159,China,5610,Import quantity,3104,Nutrient potash K2O (total),2002,2002,t,4763743.71,E,Estimated value,
RFN,Fertilizers by Nutrient,159,China,5910,Export quantity,3104,Nutrient potash K2O (total),2002,2002,t,303941.21,E,Estimated value,
RFN,Fertilizers by Nutrient,159,China,5157,Agricultural Use,3104,Nutrient potash K2O (total),2002,2002,t,4868784,E,Estimated value,
RFN,Fertilizers by Nutrient,159,China,5159,Use per area of cropland,3104,Nutrient potash K2O (total),2002,2002,kg/ha,36.86,E,Estimated value,
RFN,Fertilizers by Nutrient,159,China,5172,Use per capita,3104,Nutrient potash K2O (total),2002,2002,kg/cap,3.7,E,Estimated value,
RFN,Fertilizers by Nutrient,159,China,5173,Use per value of agricultural production,3104,Nutrient potash K2O (total),2002,2002,g/Int$,8.02,E,Estimated value,
RFN,Fertilizers by Nutrient,159,China,5510,Production,3104,Nutrient potash K2O (total),2003,2003,t,620000,A,Official figure,
RFN,Fertilizers by Nutrient,159,China,5610,Import quantity,3104,Nutrient potash K2O (total),2003,2003,t,4441724.65,E,Estimated value,
RFN,Fertilizers by Nutrient,159,China,5910,Export quantity,3104,Nutrient potash K2O (total),2003,2003,t,270353.45,E,Estimated value,
RFN,Fertilizers by Nutrient,159,China,5157,Agricultural Use,3104,Nutrient potash K2O (total),2003,2003,t,4778864,E,Estimated value,
RFN,Fertilizers by Nutrient,159,China,5159,Use per area of cropland,3104,Nutrient potash K2O (total),2003,2003,kg/ha,36.02,E,Estimated value,
RFN,Fertilizers by Nutrient,159,China,5172,Use per capita,3104,Nutrient potash K2O (total),2003,2003,kg/cap,3.61,E,Estimated value,
RFN,Fertilizers by Nutrient,159,China,5173,Use per value of agricultural production,3104,Nutrient potash K2O (total),2003,2003,g/Int$,7.78,E,Estimated value,
RFN,Fertilizers by Nutrient,159,China,5510,Production,3104,Nutrient potash K2O (total),2004,2004,t,840000,A,Official figure,
RFN,Fertilizers by Nutrient,159,China,5610,Import quantity,3104,Nutrient potash K2O (total),2004,2004,t,4903676.47,E,Estimated value,
RFN,Fertilizers by Nutrient,159,China,5910,Export quantity,3104,Nutrient potash K2O (total),2004,2004,t,163258.61,E,Estimated value,
RFN,Fertilizers by Nutrient,159,China,5157,Agricultural Use,3104,Nutrient potash K2O (total),2004,2004,t,5578907,E,Estimated value,
RFN,Fertilizers by Nutrient,159,China,5159,Use per area of cropland,3104,Nutrient potash K2O (total),2004,2004,kg/ha,41.87,E,Estimated value,
RFN,Fertilizers by Nutrient,159,China,5172,Use per capita,3104,Nutrient potash K2O (total),2004,2004,kg/cap,4.19,E,Estimated value,
RFN,Fertilizers by Nutrient,159,China,5173,Use per value of agricultural production,3104,Nutrient potash K2O (total),2004,2004,g/Int$,8.59,E,Estimated value,
RFN,Fertilizers by Nutrient,159,China,5510,Production,3104,Nutrient potash K2O (total),2005,2005,t,1475000,A,Official figure,
RFN,Fertilizers by Nutrient,159,China,5610,Import quantity,3104,Nutrient potash K2O (total),2005,2005,t,5952860.37,E,Estimated value,
RFN,Fertilizers by Nutrient,159,China,5910,Export quantity,3104,Nutrient potash K2O (total),2005,2005,t,158243.65,E,Estimated value,
RFN,Fertilizers by Nutrient,159,China,5157,Agricultural Use,3104,Nutrient potash K2O (total),2005,2005,t,7242804,E,Estimated value,
RFN,Fertilizers by Nutrient,159,China,5159,Use per area of cropland,3104,Nutrient potash K2O (total),2005,2005,kg/ha,54.11,E,Estimated value,
RFN,Fertilizers by Nutrient,159,China,5172,Use per capita,3104,Nutrient potash K2O (total),2005,2005,kg/cap,5.4,E,Estimated value,
RFN,Fertilizers by Nutrient,159,China,5173,Use per value of agricultural production,3104,Nutrient potash K2O (total),2005,2005,g/Int$,10.76,E,Estimated value,
RFN,Fertilizers by Nutrient,159,China,5510,Production,3104,Nutrient potash K2O (total),2006,2006,t,1750000,A,Official figure,
RFN,Fertilizers by Nutrient,159,China,5610,Import quantity,3104,Nutrient potash K2O (total),2006,2006,t,4853067.76,E,Estimated value,
RFN,Fertilizers by Nutrient,159,China,5910,Export quantity,3104,Nutrient potash K2O (total),2006,2006,t,304284.12,E,Estimated value,
RFN,Fertilizers by Nutrient,159,China,5157,Agricultural Use,3104,Nutrient potash K2O (total),2006,2006,t,6313316,E,Estimated value,
RFN,Fertilizers by Nutrient,159,China,5159,Use per area of cropland,3104,Nutrient potash K2O (total),2006,2006,kg/ha,46.96,E,Estimated value,
RFN,Fertilizers by Nutrient,159,China,5172,Use per capita,3104,Nutrient potash K2O (total),2006,2006,kg/cap,4.68,E,Estimated value,
RFN,Fertilizers by Nutrient,159,China,5173,Use per value of agricultural production,3104,Nutrient potash K2O (total),2006,2006,g/Int$,9.15,E,Estimated value,
RFN,Fertilizers by Nutrient,159,China,5510,Production,3104,Nutrient potash K2O (total),2007,2007,t,2498800,A,Official figure,
RFN,Fertilizers by Nutrient,159,China,5610,Import quantity,3104,Nutrient potash K2O (total),2007,2007,t,6154344.68,E,Estimated value,
RFN,Fertilizers by Nutrient,159,China,5910,Export quantity,3104,Nutrient potash K2O (total),2007,2007,t,219427.09,E,Estimated value,
RFN,Fertilizers by Nutrient,159,China,5157,Agricultural Use,3104,Nutrient potash K2O (total),2007,2007,t,8442753,E,Estimated value,
RFN,Fertilizers by Nutrient,159,China,5159,Use per area of cropland,3104,Nutrient potash K2O (total),2007,2007,kg/ha,62.53,E,Estimated value,
RFN,Fertilizers by Nutrient,159,China,5172,Use per capita,3104,Nutrient potash K2O (total),2007,2007,kg/cap,6.22,E,Estimated value,
RFN,Fertilizers by Nutrient,159,China,5173,Use per value of agricultural production,3104,Nutrient potash K2O (total),2007,2007,g/Int$,11.93,E,Estimated value,
RFN,Fertilizers by Nutrient,159,China,5510,Production,3104,Nutrient potash K2O (total),2008,2008,t,2912200,A,Official figure,
RFN,Fertilizers by Nutrient,159,China,5610,Import quantity,3104,Nutrient potash K2O (total),2008,2008,t,3490576.74,E,Estimated value,
RFN,Fertilizers by Nutrient,159,China,5910,Export quantity,3104,Nutrient potash K2O (total),2008,2008,t,197990.63,E,Estimated value,
RFN,Fertilizers by Nutrient,159,China,5157,Agricultural Use,3104,Nutrient potash K2O (total),2008,2008,t,6155459,E,Estimated value,
RFN,Fertilizers by Nutrient,159,China,5159,Use per area of cropland,3104,Nutrient potash K2O (total),2008,2008,kg/ha,45.39,E,Estimated value,
RFN,Fertilizers by Nutrient,159,China,5172,Use per capita,3104,Nutrient potash K2O (total),2008,2008,kg/cap,4.51,E,Estimated value,
RFN,Fertilizers by Nutrient,159,China,5173,Use per value of agricultural production,3104,Nutrient potash K2O (total),2008,2008,g/Int$,8.23,E,Estimated value,
RFN,Fertilizers by Nutrient,159,China,5510,Production,3104,Nutrient potash K2O (total),2009,2009,t,3627800,A,Official figure,
RFN,Fertilizers by Nutrient,159,China,5610,Import quantity,3104,Nutrient potash K2O (total),2009,2009,t,1565292.97,E,Estimated value,
RFN,Fertilizers by Nutrient,159,China,5910,Export quantity,3104,Nutrient potash K2O (total),2009,2009,t,285443.93,E,Estimated value,
RFN,Fertilizers by Nutrient,159,China,5157,Agricultural Use,3104,Nutrient potash K2O (total),2009,2009,t,4956814,E,Estimated value,
RFN,Fertilizers by Nutrient,159,China,5159,Use per area of cropland,3104,Nutrient potash K2O (total),2009,2009,kg/ha,36.39,E,Estimated value,
RFN,Fertilizers by Nutrient,159,China,5172,Use per capita,3104,Nutrient potash K2O (total),2009,2009,kg/cap,3.61,E,Estimated value,
RFN,Fertilizers by Nutrient,159,China,5173,Use per value of agricultural production,3104,Nutrient potash K2O (total),2009,2009,g/Int$,6.47,E,Estimated value,
RFN,Fertilizers by Nutrient,159,China,5510,Production,3104,Nutrient potash K2O (total),2010,2010,t,3967600,E,Estimated value,
RFN,Fertilizers by Nutrient,159,China,5610,Import quantity,3104,Nutrient potash K2O (total),2010,2010,t,3594038.2,E,Estimated value,
RFN,Fertilizers by Nutrient,159,China,5910,Export quantity,3104,Nutrient potash K2O (total),2010,2010,t,126002.75,E,Estimated value,
RFN,Fertilizers by Nutrient,159,China,5157,Agricultural Use,3104,Nutrient potash K2O (total),2010,2010,t,7411237,E,Estimated value,
RFN,Fertilizers by Nutrient,159,China,5159,Use per area of cropland,3104,Nutrient potash K2O (total),2010,2010,kg/ha,54.72,E,Estimated value,
RFN,Fertilizers by Nutrient,159,China,5172,Use per capita,3104,Nutrient potash K2O (total),2010,2010,kg/cap,5.36,E,Estimated value,
RFN,Fertilizers by Nutrient,159,China,5173,Use per value of agricultural production,3104,Nutrient potash K2O (total),2010,2010,g/Int$,9.4,E,Estimated value,
RFN,Fertilizers by Nutrient,159,China,5510,Production,3104,Nutrient potash K2O (total),2011,2011,t,4915100,E,Estimated value,
RFN,Fertilizers by Nutrient,159,China,5610,Import quantity,3104,Nutrient potash K2O (total),2011,2011,t,4286295.31,E,Estimated value,
RFN,Fertilizers by Nutrient,159,China,5910,Export quantity,3104,Nutrient potash K2O (total),2011,2011,t,93358.92,E,Estimated value,
RFN,Fertilizers by Nutrient,159,China,5157,Agricultural Use,3104,Nutrient potash K2O (total),2011,2011,t,9081100,E,Estimated value,
RFN,Fertilizers by Nutrient,159,China,5159,Use per area of cropland,3104,Nutrient potash K2O (total),2011,2011,kg/ha,67.42,E,Estimated value,
RFN,Fertilizers by Nutrient,159,China,5172,Use per capita,3104,Nutrient potash K2O (total),2011,2011,kg/cap,6.53,E,Estimated value,
RFN,Fertilizers by Nutrient,159,China,5173,Use per value of agricultural production,3104,Nutrient potash K2O (total),2011,2011,g/Int$,11.1,E,Estimated value,
RFN,Fertilizers by Nutrient,159,China,5510,Production,3104,Nutrient potash K2O (total),2012,2012,t,5299500,E,Estimated value,
RFN,Fertilizers by Nutrient,159,China,5610,Import quantity,3104,Nutrient potash K2O (total),2012,2012,t,4290258.04,E,Estimated value,
RFN,Fertilizers by Nutrient,159,China,5910,Export quantity,3104,Nutrient potash K2O (total),2012,2012,t,259275.17,E,Estimated value,
RFN,Fertilizers by Nutrient,159,China,5157,Agricultural Use,3104,Nutrient potash K2O (total),2012,2012,t,9335710,E,Estimated value,
RFN,Fertilizers by Nutrient,159,China,5159,Use per area of cropland,3104,Nutrient potash K2O (total),2012,2012,kg/ha,69.7,E,Estimated value,
RFN,Fertilizers by Nutrient,159,China,5172,Use per capita,3104,Nutrient potash K2O (total),2012,2012,kg/cap,6.67,E,Estimated value,
RFN,Fertilizers by Nutrient,159,China,5173,Use per value of agricultural production,3104,Nutrient potash K2O (total),2012,2012,g/Int$,11.07,E,Estimated value,
RFN,Fertilizers by Nutrient,159,China,5510,Production,3104,Nutrient potash K2O (total),2013,2013,t,5098900,E,Estimated value,
RFN,Fertilizers by Nutrient,159,China,5610,Import quantity,3104,Nutrient potash K2O (total),2013,2013,t,4076746.58,E,Estimated value,
RFN,Fertilizers by Nutrient,159,China,5910,Export quantity,3104,Nutrient potash K2O (total),2013,2013,t,269544.36,E,Estimated value,
RFN,Fertilizers by Nutrient,159,China,5157,Agricultural Use,3104,Nutrient potash K2O (total),2013,2013,t,8920455,E,Estimated value,
RFN,Fertilizers by Nutrient,159,China,5159,Use per area of cropland,3104,Nutrient potash K2O (total),2013,2013,kg/ha,66.98,E,Estimated value,
RFN,Fertilizers by Nutrient,159,China,5172,Use per capita,3104,Nutrient potash K2O (total),2013,2013,kg/cap,6.33,E,Estimated value,
RFN,Fertilizers by Nutrient,159,China,5173,Use per value of agricultural production,3104,Nutrient potash K2O (total),2013,2013,g/Int$,10.38,E,Estimated value,
RFN,Fertilizers by Nutrient,159,China,5510,Production,3104,Nutrient potash K2O (total),2014,2014,t,6104700,E,Estimated value,
RFN,Fertilizers by Nutrient,159,China,5610,Import quantity,3104,Nutrient potash K2O (total),2014,2014,t,5206811.6,E,Estimated value,
RFN,Fertilizers by Nutrient,159,China,5910,Export quantity,3104,Nutrient potash K2O (total),2014,2014,t,307266.28,E,Estimated value,
RFN,Fertilizers by Nutrient,159,China,5157,Agricultural Use,3104,Nutrient potash K2O (total),2014,2014,t,11005643,E,Estimated value,
RFN,Fertilizers by Nutrient,159,China,5159,Use per area of cropland,3104,Nutrient potash K2O (total),2014,2014,kg/ha,83.11,E,Estimated value,
RFN,Fertilizers by Nutrient,159,China,5172,Use per capita,3104,Nutrient potash K2O (total),2014,2014,kg/cap,7.75,E,Estimated value,
RFN,Fertilizers by Nutrient,159,China,5173,Use per value of agricultural production,3104,Nutrient potash K2O (total),2014,2014,g/Int$,12.58,E,Estimated value,
RFN,Fertilizers by Nutrient,159,China,5510,Production,3104,Nutrient potash K2O (total),2015,2015,t,6042200,E,Estimated value,
RFN,Fertilizers by Nutrient,159,China,5610,Import quantity,3104,Nutrient potash K2O (total),2015,2015,t,6126390.58,E,Estimated value,
RFN,Fertilizers by Nutrient,159,China,5910,Export quantity,3104,Nutrient potash K2O (total),2015,2015,t,318427.31,E,Estimated value,
RFN,Fertilizers by Nutrient,159,China,5157,Agricultural Use,3104,Nutrient potash K2O (total),2015,2015,t,10163992,E,Estimated value,
RFN,Fertilizers by Nutrient,159,China,5159,Use per area of cropland,3104,Nutrient potash K2O (total),2015,2015,kg/ha,77.19,E,Estimated value,
RFN,Fertilizers by Nutrient,159,China,5172,Use per capita,3104,Nutrient potash K2O (total),2015,2015,kg/cap,7.12,E,Estimated value,
RFN,Fertilizers by Nutrient,159,China,5173,Use per value of agricultural production,3104,Nutrient potash K2O (total),2015,2015,g/Int$,11.25,E,Estimated value,
RFN,Fertilizers by Nutrient,159,China,5510,Production,3104,Nutrient potash K2O (total),2016,2016,t,6650400,E,Estimated value,
RFN,Fertilizers by Nutrient,159,China,5610,Import quantity,3104,Nutrient potash K2O (total),2016,2016,t,4103698.07,E,Estimated value,
RFN,Fertilizers by Nutrient,159,China,5910,Export quantity,3104,Nutrient potash K2O (total),2016,2016,t,329068.81,E,Estimated value,
RFN,Fertilizers by Nutrient,159,China,5157,Agricultural Use,3104,Nutrient potash K2O (total),2016,2016,t,11751069,E,Estimated value,
RFN,Fertilizers by Nutrient,159,China,5159,Use per area of cropland,3104,Nutrient potash K2O (total),2016,2016,kg/ha,89.76,E,Estimated value,
RFN,Fertilizers by Nutrient,159,China,5172,Use per capita,3104,Nutrient potash K2O (total),2016,2016,kg/cap,8.19,E,Estimated value,
RFN,Fertilizers by Nutrient,159,China,5173,Use per value of agricultural production,3104,Nutrient potash K2O (total),2016,2016,g/Int$,13.05,E,Estimated value,
RFN,Fertilizers by Nutrient,159,China,5510,Production,3104,Nutrient potash K2O (total),2017,2017,t,5966062.8,E,Estimated value,
RFN,Fertilizers by Nutrient,159,China,5610,Import quantity,3104,Nutrient potash K2O (total),2017,2017,t,4985390.08,E,Estimated value,
RFN,Fertilizers by Nutrient,159,China,5910,Export quantity,3104,Nutrient potash K2O (total),2017,2017,t,303498.95,E,Estimated value,
RFN,Fertilizers by Nutrient,159,China,5157,Agricultural Use,3104,Nutrient potash K2O (total),2017,2017,t,10010284,E,Estimated value,
RFN,Fertilizers by Nutrient,159,China,5159,Use per area of cropland,3104,Nutrient potash K2O (total),2017,2017,kg/ha,76.91,E,Estimated value,
RFN,Fertilizers by Nutrient,159,China,5172,Use per capita,3104,Nutrient potash K2O (total),2017,2017,kg/cap,6.93,E,Estimated value,
RFN,Fertilizers by Nutrient,159,China,5173,Use per value of agricultural production,3104,Nutrient potash K2O (total),2017,2017,g/Int$,10.97,E,Estimated value,
RFN,Fertilizers by Nutrient,159,China,5510,Production,3104,Nutrient potash K2O (total),2018,2018,t,6145883,E,Estimated value,
RFN,Fertilizers by Nutrient,159,China,5610,Import quantity,3104,Nutrient potash K2O (total),2018,2018,t,4970983.23,E,Estimated value,
RFN,Fertilizers by Nutrient,159,China,5910,Export quantity,3104,Nutrient potash K2O (total),2018,2018,t,319641.64,E,Estimated value,
RFN,Fertilizers by Nutrient,159,China,5157,Agricultural Use,3104,Nutrient potash K2O (total),2018,2018,t,9796323,E,Estimated value,
RFN,Fertilizers by Nutrient,159,China,5159,Use per area of cropland,3104,Nutrient potash K2O (total),2018,2018,kg/ha,75.7,E,Estimated value,
RFN,Fertilizers by Nutrient,159,China,5172,Use per capita,3104,Nutrient potash K2O (total),2018,2018,kg/cap,6.75,E,Estimated value,
RFN,Fertilizers by Nutrient,159,China,5173,Use per value of agricultural production,3104,Nutrient potash K2O (total),2018,2018,g/Int$,10.63,E,Estimated value,
RFN,Fertilizers by Nutrient,159,China,5510,Production,3104,Nutrient potash K2O (total),2019,2019,t,4084104.41,E,Estimated value,
RFN,Fertilizers by Nutrient,159,China,5610,Import quantity,3104,Nutrient potash K2O (total),2019,2019,t,5977617.24,E,Estimated value,
RFN,Fertilizers by Nutrient,159,China,5910,Export quantity,3104,Nutrient potash K2O (total),2019,2019,t,591850.76,E,Estimated value,
RFN,Fertilizers by Nutrient,159,China,5157,Agricultural Use,3104,Nutrient potash K2O (total),2019,2019,t,9434393,E,Estimated value,
RFN,Fertilizers by Nutrient,159,China,5159,Use per area of cropland,3104,Nutrient potash K2O (total),2019,2019,kg/ha,73.33,E,Estimated value,
RFN,Fertilizers by Nutrient,159,China,5172,Use per capita,3104,Nutrient potash K2O (total),2019,2019,kg/cap,6.48,E,Estimated value,
RFN,Fertilizers by Nutrient,159,China,5173,Use per value of agricultural production,3104,Nutrient potash K2O (total),2019,2019,g/Int$,10.17,E,Estimated value,
RFN,Fertilizers by Nutrient,159,China,5510,Production,3104,Nutrient potash K2O (total),2020,2020,t,4091647.61,E,Estimated value,
RFN,Fertilizers by Nutrient,159,China,5610,Import quantity,3104,Nutrient potash K2O (total),2020,2020,t,5831926.68,E,Estimated value,
RFN,Fertilizers by Nutrient,159,China,5910,Export quantity,3104,Nutrient potash K2O (total),2020,2020,t,643730.43,E,Estimated value,
RFN,Fertilizers by Nutrient,159,China,5157,Agricultural Use,3104,Nutrient potash K2O (total),2020,2020,t,9229668,E,Estimated value,
RFN,Fertilizers by Nutrient,159,China,5159,Use per area of cropland,3104,Nutrient potash K2O (total),2020,2020,kg/ha,71.79,E,Estimated value,
RFN,Fertilizers by Nutrient,159,China,5172,Use per capita,3104,Nutrient potash K2O (total),2020,2020,kg/cap,6.33,E,Estimated value,
RFN,Fertilizers by Nutrient,159,China,5173,Use per value of agricultural production,3104,Nutrient potash K2O (total),2020,2020,g/Int$,9.85,E,Estimated value,
RFN,Fertilizers by Nutrient,159,China,5510,Production,3104,Nutrient potash K2O (total),2021,2021,t,4623795.6,E,Estimated value,
RFN,Fertilizers by Nutrient,159,China,5610,Import quantity,3104,Nutrient potash K2O (total),2021,2021,t,5024920.28,E,Estimated value,
RFN,Fertilizers by Nutrient,159,China,5910,Export quantity,3104,Nutrient potash K2O (total),2021,2021,t,490780.56,E,Estimated value,
RFN,Fertilizers by Nutrient,159,China,5157,Agricultural Use,3104,Nutrient potash K2O (total),2021,2021,t,9170702,E,Estimated value,
RFN,Fertilizers by Nutrient,159,China,5159,Use per area of cropland,3104,Nutrient potash K2O (total),2021,2021,kg/ha,71.44,E,Estimated value,
RFN,Fertilizers by Nutrient,159,China,5172,Use per capita,3104,Nutrient potash K2O (total),2021,2021,kg/cap,6.29,E,Estimated value,
RFN,Fertilizers by Nutrient,159,China,5173,Use per value of agricultural production,3104,Nutrient potash K2O (total),2021,2021,g/Int$,9.4,E,Estimated value,
RFN,Fertilizers by Nutrient,159,China,5510,Production,3104,Nutrient potash K2O (total),2022,2022,t,4134433.35,E,Estimated value,
RFN,Fertilizers by Nutrient,159,China,5610,Import quantity,3104,Nutrient potash K2O (total),2022,2022,t,4956828.23,E,Estimated value,
RFN,Fertilizers by Nutrient,159,China,5910,Export quantity,3104,Nutrient potash K2O (total),2022,2022,t,208008.17,E,Estimated value,
RFN,Fertilizers by Nutrient,159,China,5157,Agricultural Use,3104,Nutrient potash K2O (total),2022,2022,t,8979225,E,Estimated value,
RFN,Fertilizers by Nutrient,159,China,5159,Use per area of cropland,3104,Nutrient potash K2O (total),2022,2022,kg/ha,69.95,E,Estimated value,
RFN,Fertilizers by Nutrient,159,China,5172,Use per capita,3104,Nutrient potash K2O (total),2022,2022,kg/cap,6.16,E,Estimated value,
RFN,Fertilizers by Nutrient,159,China,5173,Use per value of agricultural production,3104,Nutrient potash K2O (total),2022,2022,g/Int$,8.99,E,Estimated value,
RFN,Fertilizers by Nutrient,159,China,5510,Production,3104,Nutrient potash K2O (total),2023,2023,t,2048362.67,E,Estimated value,
RFN,Fertilizers by Nutrient,159,China,5610,Import quantity,3104,Nutrient potash K2O (total),2023,2023,t,7441949.64,E,Estimated value,
RFN,Fertilizers by Nutrient,159,China,5910,Export quantity,3104,Nutrient potash K2O (total),2023,2023,t,602534.02,E,Estimated value,
RFN,Fertilizers by Nutrient,159,China,5157,Agricultural Use,3104,Nutrient potash K2O (total),2023,2023,t,8912266,E,Estimated value,
RFN,Fertilizers by Nutrient,159,China,5159,Use per area of cropland,3104,Nutrient potash K2O (total),2023,2023,kg/ha,69.43,E,Estimated value,
RFN,Fertilizers by Nutrient,159,China,5172,Use per capita,3104,Nutrient potash K2O (total),2023,2023,kg/cap,6.13,E,Estimated value,
RFN,Fertilizers by Nutrient,159,China,5173,Use per value of agricultural production,3104,Nutrient potash K2O (total),2023,2023,g/Int$,8.74,E,Estimated value,
